Workbook

Sheet ACTION Element Code Table
A1: Combined code | B1: Type (B-Builder, E-Electrical) | C1: Description | D1: Element_CodePSB_Element1(PSB_Element1) | E1: Element | F1: Subelement_CodePSB_Sub-element1(PSB_Sub-element1) | G1: Subelement | H1: Component_Code(PSB_Component1) | I1: Component | J1: Attribute_Code(PSB_Attribute1) | K1: Attribute
A2: =D2&"_"&F2&"_"&H2&"_"&J2 -> AC_NULL_NULL_NULL | B2: E | C2: AIR-CONDITIONING | D2: AC | E2: AIR-CONDITIONING | F2: NULL | H2: NULL | J2: NULL
A3: =D3&"_"&F3&"_"&H3&"_"&J3 -> AC_AC02_NULL_NULL | B3: E | C3: A/C main plant equipment | D3: AC | E3: AIR-CONDITIONING | F3: AC02 | G3: A/C main plant equipment | H3: NULL | J3: NULL
A4: =D4&"_"&F4&"_"&H4&"_"&J4 -> AC_AC02_AC0025_NULL | B4: E | C4: Air-cooled chiller | D4: AC | E4: AIR-CONDITIONING | F4: AC02 | G4: A/C main plant equipment | H4: AC0025 | I4: Air-cooled chiller | J4: NULL
A5: =D5&"_"&F5&"_"&H5&"_"&J5 -> AC_AC02_AC0035_NULL | B5: E | C5: Chiller | D5: AC | E5: AIR-CONDITIONING | F5: AC02 | G5: A/C main plant equipment | H5: AC0035 | I5: Chiller | J5: NULL
A6: =D6&"_"&F6&"_"&H6&"_"&J6 -> AC_AC02_AC0030_NULL | B6: E | C6: Compressor | D6: AC | E6: AIR-CONDITIONING | F6: AC02 | G6: A/C main plant equipment | H6: AC0030 | I6: Compressor | J6: NULL
A7: =D7&"_"&F7&"_"&H7&"_"&J7 -> AC_AC02_AC0040_NULL | B7: E | C7: Condenser | D7: AC | E7: AIR-CONDITIONING | F7: AC02 | G7: A/C main plant equipment | H7: AC0040 | I7: Condenser | J7: NULL
A8: =D8&"_"&F8&"_"&H8&"_"&J8 -> AC_AC02_AC0020_NULL | B8: E | C8: Fresh water cooled chiller | D8: AC | E8: AIR-CONDITIONING | F8: AC02 | G8: A/C main plant equipment | H8: AC0020 | I8: Fresh water cooled chiller | J8: NULL
A9: =D9&"_"&F9&"_"&H9&"_"&J9 -> AC_AC02_AC0015_NULL | B9: E | C9: Seawater cooled chiller | D9: AC | E9: AIR-CONDITIONING | F9: AC02 | G9: A/C main plant equipment | H9: AC0015 | I9: Seawater cooled chiller | J9: NULL
A10: =D10&"_"&F10&"_"&H10&"_"&J10 -> AC_AC03_NULL_NULL | B10: E | C10: Air distribution equipment | D10: AC | E10: AIR-CONDITIONING | F10: AC03 | G10: Air distribution equipment | H10: NULL | J10: NULL
A11: =D11&"_"&F11&"_"&H11&"_"&J11 -> AC_AC03_AC0045_NULL | B11: E | C11: Chilled water AHU | D11: AC | E11: AIR-CONDITIONING | F11: AC03 | G11: Air distribution equipment | H11: AC0045 | I11: Chilled water AHU | J11: NULL
A12: =D12&"_"&F12&"_"&H12&"_"&J12 -> AC_AC03_AC0050_NULL | B12: E | C12: Chilled water FCU | D12: AC | E12: AIR-CONDITIONING | F12: AC03 | G12: Air distribution equipment | H12: AC0050 | I12: Chilled water FCU | J12: NULL
A13: =D13&"_"&F13&"_"&H13&"_"&J13 -> AC_AC03_AC0055_NULL | B13: E | C13: DX AHU | D13: AC | E13: AIR-CONDITIONING | F13: AC03 | G13: Air distribution equipment | H13: AC0055 | I13: DX AHU | J13: NULL
A14: =D14&"_"&F14&"_"&H14&"_"&J14 -> AC_AC03_AC0060_NULL | B14: E | C14: DX FCU | D14: AC | E14: AIR-CONDITIONING | F14: AC03 | G14: Air distribution equipment | H14: AC0060 | I14: DX FCU | J14: NULL
A15: =D15&"_"&F15&"_"&H15&"_"&J15 -> AC_AC03_AC0070_NULL | B15: E | C15: Fire damper | D15: AC | E15: AIR-CONDITIONING | F15: AC03 | G15: Air distribution equipment | H15: AC0070 | I15: Fire damper | J15: NULL
A16: =D16&"_"&F16&"_"&H16&"_"&J16 -> AC_AC03_AC0065_NULL | B16: E | C16: Split A/C unit | D16: AC | E16: AIR-CONDITIONING | F16: AC03 | G16: Air distribution equipment | H16: AC0065 | I16: Split A/C unit | J16: NULL
A17: =D17&"_"&F17&"_"&H17&"_"&J17 -> AC_AC09_NULL_NULL | B17: E | C17: Cold stores | D17: AC | E17: AIR-CONDITIONING | F17: AC09 | G17: Cold stores | H17: NULL | J17: NULL
A18: =D18&"_"&F18&"_"&H18&"_"&J18 -> AC_AC08_NULL_NULL | B18: E | C18: Fan | D18: AC | E18: AIR-CONDITIONING | F18: AC08 | G18: Fan | H18: NULL | J18: NULL
A19: =D19&"_"&F19&"_"&H19&"_"&J19 -> AC_AC08_AC0120_NULL | B19: E | C19: Axial fan | D19: AC | E19: AIR-CONDITIONING | F19: AC08 | G19: Fan | H19: AC0120 | I19: Axial fan | J19: NULL
A20: =D20&"_"&F20&"_"&H20&"_"&J20 -> AC_AC08_AC0125_NULL | B20: E | C20: Centrifugal fan | D20: AC | E20: AIR-CONDITIONING | F20: AC08 | G20: Fan | H20: AC0125 | I20: Centrifugal fan | J20: NULL
A21: =D21&"_"&F21&"_"&H21&"_"&J21 -> AC_AC07_NULL_NULL | B21: E | C21: Others | D21: AC | E21: AIR-CONDITIONING | F21: AC07 | G21: Others | H21: NULL | J21: NULL
A22: =D22&"_"&F22&"_"&H22&"_"&J22 -> AC_AC07_AC0115_NULL | B22: E | C22: Calorifier | D22: AC | E22: AIR-CONDITIONING | F22: AC07 | G22: Others | H22: AC0115 | I22: Calorifier | J22: NULL
A23: =D23&"_"&F23&"_"&H23&"_"&J23 -> AC_AC07_AC0110_NULL | B23: E | C23: Water pump | D23: AC | E23: AIR-CONDITIONING | F23: AC07 | G23: Others | H23: AC0110 | I23: Water pump | J23: NULL
A24: =D24&"_"&F24&"_"&H24&"_"&J24 -> AC_AC10_NULL_NULL | B24: E | C24: Others | D24: AC | E24: AIR-CONDITIONING | F24: AC10 | G24: Others | H24: NULL | J24: NULL
A25: =D25&"_"&F25&"_"&H25&"_"&J25 -> AC_AC05_NULL_NULL | B25: E | C25: Sea water cooling equipment | D25: AC | E25: AIR-CONDITIONING | F25: AC05 | G25: Sea water cooling equipment | H25: NULL | J25: NULL
A26: =D26&"_"&F26&"_"&H26&"_"&J26 -> AC_AC05_AC0095_NULL | B26: E | C26: Heat exchanger | D26: AC | E26: AIR-CONDITIONING | F26: AC05 | G26: Sea water cooling equipment | H26: AC0095 | I26: Heat exchanger | J26: NULL
A27: =D27&"_"&F27&"_"&H27&"_"&J27 -> AC_AC05_AC0090_NULL | B27: E | C27: Sea water screen | D27: AC | E27: AIR-CONDITIONING | F27: AC05 | G27: Sea water cooling equipment | H27: AC0090 | I27: Sea water screen | J27: NULL
A28: =D28&"_"&F28&"_"&H28&"_"&J28 -> AC_AC05_AC0085_NULL | B28: E | C28: Sea water strainer | D28: AC | E28: AIR-CONDITIONING | F28: AC05 | G28: Sea water cooling equipment | H28: AC0085 | I28: Sea water strainer | J28: NULL
A29: =D29&"_"&F29&"_"&H29&"_"&J29 -> AC_AC05_AC0100_NULL | B29: E | C29: Seawater pump | D29: AC | E29: AIR-CONDITIONING | F29: AC05 | G29: Sea water cooling equipment | H29: AC0100 | I29: Seawater pump | J29: NULL
A30: =D30&"_"&F30&"_"&H30&"_"&J30 -> AC_AC01_NULL_NULL | B30: E | C30: System general | D30: AC | E30: AIR-CONDITIONING | F30: AC01 | G30: System general | H30: NULL | J30: NULL
A31: =D31&"_"&F31&"_"&H31&"_"&J31 -> AC_AC01_AC0010_NULL | B31: E | C31: Motor load | D31: AC | E31: AIR-CONDITIONING | F31: AC01 | G31: System general | H31: AC0010 | I31: Motor load | J31: NULL
A32: =D32&"_"&F32&"_"&H32&"_"&J32 -> AC_AC01_AC0005_NULL | B32: E | C32: Total cooling load (Kw) | D32: AC | E32: AIR-CONDITIONING | F32: AC01 | G32: System general | H32: AC0005 | I32: Total cooling load (Kw) | J32: NULL
A33: =D33&"_"&F33&"_"&H33&"_"&J33 -> AC_AC04_NULL_NULL | B33: E | C33: Water cooling equipment | D33: AC | E33: AIR-CONDITIONING | F33: AC04 | G33: Water cooling equipment | H33: NULL | J33: NULL
A34: =D34&"_"&F34&"_"&H34&"_"&J34 -> AC_AC04_AC0080_NULL | B34: E | C34: Condensing water pump | D34: AC | E34: AIR-CONDITIONING | F34: AC04 | G34: Water cooling equipment | H34: AC0080 | I34: Condensing water pump | J34: NULL
A35: =D35&"_"&F35&"_"&H35&"_"&J35 -> AC_AC04_AC0075_NULL | B35: E | C35: Cooling tower | D35: AC | E35: AIR-CONDITIONING | F35: AC04 | G35: Water cooling equipment | H35: AC0075 | I35: Cooling tower | J35: NULL
A36: =D36&"_"&F36&"_"&H36&"_"&J36 -> AC_AC06_NULL_NULL | B36: E | C36: Water treatment | D36: AC | E36: AIR-CONDITIONING | F36: AC06 | G36: Water treatment | H36: NULL | J36: NULL
A37: =D37&"_"&F37&"_"&H37&"_"&J37 -> AC_AC06_AC0105_NULL | B37: E | C37: Chlorinator | D37: AC | E37: AIR-CONDITIONING | F37: AC06 | G37: Water treatment | H37: AC0105 | I37: Chlorinator | J37: NULL
A38: =D38&"_"&F38&"_"&H38&"_"&J38 -> AC_AC11_NULL_NULL | B38: E | C38: Unitary Air Conditioners | D38: AC | E38: AIR-CONDITIONING | F38: AC11 | G38: Unitary Air Conditioners | H38: NULL | J38: NULL
A39: =D39&"_"&F39&"_"&H39&"_"&J39 -> AC_AC11_AC001_NULL | B39: E | C39: Internally mounted Air to Air Packaged Air Conditione | D39: AC | E39: AIR-CONDITIONING | F39: AC11 | G39: Unitary Air Conditioners | H39: AC001 | I39: Internally mounted Air to Air Packaged Air Conditione | J39: NULL
A40: =D40&"_"&F40&"_"&H40&"_"&J40 -> AC_AC11_AC001_AC0001 | B40: E | C40: Cooling capacity : 10.1 up to 15 kw | D40: AC | E40: AIR-CONDITIONING | F40: AC11 | G40: Unitary Air Conditioners | H40: AC001 | I40: Internally mounted Air to Air Packaged Air Conditione | J40: AC0001 | K40: Cooling capacity : 10.1 up to 15 kw
A41: =D41&"_"&F41&"_"&H41&"_"&J41 -> AC_AC11_AC001_AC0002 | B41: E | C41: Cooling capacity : 15.1 up to 21 kw | D41: AC | E41: AIR-CONDITIONING | F41: AC11 | G41: Unitary Air Conditioners | H41: AC001 | I41: Internally mounted Air to Air Packaged Air Conditione | J41: AC0002 | K41: Cooling capacity : 15.1 up to 21 kw
A42: =D42&"_"&F42&"_"&H42&"_"&J42 -> AC_AC11_AC001_AC0003 | B42: E | C42: Cooling capacity : 21.1 up to 30 kw | D42: AC | E42: AIR-CONDITIONING | F42: AC11 | G42: Unitary Air Conditioners | H42: AC001 | I42: Internally mounted Air to Air Packaged Air Conditione | J42: AC0003 | K42: Cooling capacity : 21.1 up to 30 kw
A43: =D43&"_"&F43&"_"&H43&"_"&J43 -> AC_AC11_AC003_NULL | B43: E | C43: Externally mounted Air to Air Packaged Air Conditione | D43: AC | E43: AIR-CONDITIONING | F43: AC11 | G43: Unitary Air Conditioners | H43: AC003 | I43: Externally mounted Air to Air Packaged Air Conditione | J43: NULL
A44: =D44&"_"&F44&"_"&H44&"_"&J44 -> AC_AC11_AC003_AC0004 | B44: E | C44: Cooling capacity : 10.1 up to 15 kw | D44: AC | E44: AIR-CONDITIONING | F44: AC11 | G44: Unitary Air Conditioners | H44: AC003 | I44: Externally mounted Air to Air Packaged Air Conditione | J44: AC0004 | K44: Cooling capacity : 10.1 up to 15 kw
A45: =D45&"_"&F45&"_"&H45&"_"&J45 -> AC_AC11_AC003_AC0005 | B45: E | C45: Cooling capacity : 15.1 up to 21 kw | D45: AC | E45: AIR-CONDITIONING | F45: AC11 | G45: Unitary Air Conditioners | H45: AC003 | I45: Externally mounted Air to Air Packaged Air Conditione | J45: AC0005 | K45: Cooling capacity : 15.1 up to 21 kw
A46: =D46&"_"&F46&"_"&H46&"_"&J46 -> AC_AC11_AC003_AC0006 | B46: E | C46: Cooling capacity : 21.1 up to 30 kw | D46: AC | E46: AIR-CONDITIONING | F46: AC11 | G46: Unitary Air Conditioners | H46: AC003 | I46: Externally mounted Air to Air Packaged Air Conditione | J46: AC0006 | K46: Cooling capacity : 21.1 up to 30 kw
A47: =D47&"_"&F47&"_"&H47&"_"&J47 -> AC_AC11_AC005_NULL | B47: E | C47: Air Cooled Packaged Water Chiller for external mounti | D47: AC | E47: AIR-CONDITIONING | F47: AC11 | G47: Unitary Air Conditioners | H47: AC005 | I47: Air Cooled Packaged Water Chiller for external mounti | J47: NULL
A48: =D48&"_"&F48&"_"&H48&"_"&J48 -> AC_AC11_AC005_AC0007 | B48: E | C48: Cooling capacity : up to 8 kw | D48: AC | E48: AIR-CONDITIONING | F48: AC11 | G48: Unitary Air Conditioners | H48: AC005 | I48: Air Cooled Packaged Water Chiller for external mounti | J48: AC0007 | K48: Cooling capacity : up to 8 kw
A49: =D49&"_"&F49&"_"&H49&"_"&J49 -> AC_AC11_AC005_AC0008 | B49: E | C49: Cooling capacity : 8.1 up to 14 kw | D49: AC | E49: AIR-CONDITIONING | F49: AC11 | G49: Unitary Air Conditioners | H49: AC005 | I49: Air Cooled Packaged Water Chiller for external mounti | J49: AC0008 | K49: Cooling capacity : 8.1 up to 14 kw
A50: =D50&"_"&F50&"_"&H50&"_"&J50 -> AC_AC11_AC005_AC0009 | B50: E | C50: Cooling capacity : 14.1 up to 22 kw | D50: AC | E50: AIR-CONDITIONING | F50: AC11 | G50: Unitary Air Conditioners | H50: AC005 | I50: Air Cooled Packaged Water Chiller for external mounti | J50: AC0009 | K50: Cooling capacity : 14.1 up to 22 kw
A51: =D51&"_"&F51&"_"&H51&"_"&J51 -> AC_AC11_AC005_AC0010 | B51: E | C51: Cooling capacity : 22.1 up to 28 kw | D51: AC | E51: AIR-CONDITIONING | F51: AC11 | G51: Unitary Air Conditioners | H51: AC005 | I51: Air Cooled Packaged Water Chiller for external mounti | J51: AC0010 | K51: Cooling capacity : 22.1 up to 28 kw
A52: =D52&"_"&F52&"_"&H52&"_"&J52 -> AC_AC11_AC005_AC0011 | B52: E | C52: Cooling capacity : 28.1 up to 44 kw | D52: AC | E52: AIR-CONDITIONING | F52: AC11 | G52: Unitary Air Conditioners | H52: AC005 | I52: Air Cooled Packaged Water Chiller for external mounti | J52: AC0011 | K52: Cooling capacity : 28.1 up to 44 kw
A53: =D53&"_"&F53&"_"&H53&"_"&J53 -> AC_AC11_AC005_AC0012 | B53: E | C53: Cooling capacity : 44.1 up to 58 kw | D53: AC | E53: AIR-CONDITIONING | F53: AC11 | G53: Unitary Air Conditioners | H53: AC005 | I53: Air Cooled Packaged Water Chiller for external mounti | J53: AC0012 | K53: Cooling capacity : 44.1 up to 58 kw
A54: =D54&"_"&F54&"_"&H54&"_"&J54 -> AC_AC11_AC005_AC0013 | B54: E | C54: Cooling capacity : 58.1 up to 67 kw | D54: AC | E54: AIR-CONDITIONING | F54: AC11 | G54: Unitary Air Conditioners | H54: AC005 | I54: Air Cooled Packaged Water Chiller for external mounti | J54: AC0013 | K54: Cooling capacity : 58.1 up to 67 kw
A55: =D55&"_"&F55&"_"&H55&"_"&J55 -> AC_AC11_AC005_AC0014 | B55: E | C55: Cooling capacity : 67.1 up to 87 kw | D55: AC | E55: AIR-CONDITIONING | F55: AC11 | G55: Unitary Air Conditioners | H55: AC005 | I55: Air Cooled Packaged Water Chiller for external mounti | J55: AC0014 | K55: Cooling capacity : 67.1 up to 87 kw
A56: =D56&"_"&F56&"_"&H56&"_"&J56 -> AC_AC11_AC005_AC0015 | B56: E | C56: Cooling capacity : 87.1 up to 100 kw | D56: AC | E56: AIR-CONDITIONING | F56: AC11 | G56: Unitary Air Conditioners | H56: AC005 | I56: Air Cooled Packaged Water Chiller for external mounti | J56: AC0015 | K56: Cooling capacity : 87.1 up to 100 kw
A57: =D57&"_"&F57&"_"&H57&"_"&J57 -> AC_AC11_AC005_AC0016 | B57: E | C57: Cooling capacity : 100.1 up to 150 kw | D57: AC | E57: AIR-CONDITIONING | F57: AC11 | G57: Unitary Air Conditioners | H57: AC005 | I57: Air Cooled Packaged Water Chiller for external mounti | J57: AC0016 | K57: Cooling capacity : 100.1 up to 150 kw
A58: =D58&"_"&F58&"_"&H58&"_"&J58 -> AC_AC11_AC007_NULL | B58: E | C58: Air to Air Split Type DX Air Conditioners | D58: AC | E58: AIR-CONDITIONING | F58: AC11 | G58: Unitary Air Conditioners | H58: AC007 | I58: Air to Air Split Type DX Air Conditioners | J58: NULL
A59: =D59&"_"&F59&"_"&H59&"_"&J59 -> AC_AC11_AC007_AC0017 | B59: E | C59: Condensing Units cooling capacity : up to 14 kw | D59: AC | E59: AIR-CONDITIONING | F59: AC11 | G59: Unitary Air Conditioners | H59: AC007 | I59: Air to Air Split Type DX Air Conditioners | J59: AC0017 | K59: Condensing Units cooling capacity : up to 14 kw
A60: =D60&"_"&F60&"_"&H60&"_"&J60 -> AC_AC11_AC007_AC0018 | B60: E | C60: Condensing Units cooling capacity : 14.1 kw to 20 kw | D60: AC | E60: AIR-CONDITIONING | F60: AC11 | G60: Unitary Air Conditioners | H60: AC007 | I60: Air to Air Split Type DX Air Conditioners | J60: AC0018 | K60: Condensing Units cooling capacity : 14.1 kw to 20 kw
A61: =D61&"_"&F61&"_"&H61&"_"&J61 -> AC_AC11_AC007_AC0019 | B61: E | C61: Condensing Units cooling capacity : 21 kw to 30 kw | D61: AC | E61: AIR-CONDITIONING | F61: AC11 | G61: Unitary Air Conditioners | H61: AC007 | I61: Air to Air Split Type DX Air Conditioners | J61: AC0019 | K61: Condensing Units cooling capacity : 21 kw to 30 kw
A62: =D62&"_"&F62&"_"&H62&"_"&J62 -> AC_AC11_AC007_AC0020 | B62: E | C62: Condensing Units cooling capacity : 31 kw to 44 kw | D62: AC | E62: AIR-CONDITIONING | F62: AC11 | G62: Unitary Air Conditioners | H62: AC007 | I62: Air to Air Split Type DX Air Conditioners | J62: AC0020 | K62: Condensing Units cooling capacity : 31 kw to 44 kw
A63: =D63&"_"&F63&"_"&H63&"_"&J63 -> AC_AC11_AC007_AC0021 | B63: E | C63: Condensing Units cooling capacity : 45 kw to 58 kw | D63: AC | E63: AIR-CONDITIONING | F63: AC11 | G63: Unitary Air Conditioners | H63: AC007 | I63: Air to Air Split Type DX Air Conditioners | J63: AC0021 | K63: Condensing Units cooling capacity : 45 kw to 58 kw
A64: =D64&"_"&F64&"_"&H64&"_"&J64 -> AC_AC11_AC007_AC0022 | B64: E | C64: Condensing Units cooling capacity : 59 kw to 66 kw | D64: AC | E64: AIR-CONDITIONING | F64: AC11 | G64: Unitary Air Conditioners | H64: AC007 | I64: Air to Air Split Type DX Air Conditioners | J64: AC0022 | K64: Condensing Units cooling capacity : 59 kw to 66 kw
A65: =D65&"_"&F65&"_"&H65&"_"&J65 -> AC_AC11_AC007_AC0023 | B65: E | C65: Internal mounted DX A.H.U./F.C.U. Cooling capacity : up t | D65: AC | E65: AIR-CONDITIONING | F65: AC11 | G65: Unitary Air Conditioners | H65: AC007 | I65: Air to Air Split Type DX Air Conditioners | J65: AC0023 | K65: Internal mounted DX A.H.U./F.C.U. Cooling capacity : up t
A66: =D66&"_"&F66&"_"&H66&"_"&J66 -> AC_AC11_AC007_AC0024 | B66: E | C66: Internal mounted DX A.H.U./F.C.U. Cooling capacity : 14.1 | D66: AC | E66: AIR-CONDITIONING | F66: AC11 | G66: Unitary Air Conditioners | H66: AC007 | I66: Air to Air Split Type DX Air Conditioners | J66: AC0024 | K66: Internal mounted DX A.H.U./F.C.U. Cooling capacity : 14.1
A67: =D67&"_"&F67&"_"&H67&"_"&J67 -> AC_AC11_AC007_AC0025 | B67: E | C67: Internal mounted DX A.H.U./F.C.U. Cooling capacity : 21 k | D67: AC | E67: AIR-CONDITIONING | F67: AC11 | G67: Unitary Air Conditioners | H67: AC007 | I67: Air to Air Split Type DX Air Conditioners | J67: AC0025 | K67: Internal mounted DX A.H.U./F.C.U. Cooling capacity : 21 k
A68: =D68&"_"&F68&"_"&H68&"_"&J68 -> AC_AC11_AC007_AC0026 | B68: E | C68: Internal mounted DX A.H.U./F.C.U. Cooling capacity : 31 k | D68: AC | E68: AIR-CONDITIONING | F68: AC11 | G68: Unitary Air Conditioners | H68: AC007 | I68: Air to Air Split Type DX Air Conditioners | J68: AC0026 | K68: Internal mounted DX A.H.U./F.C.U. Cooling capacity : 31 k
A69: =D69&"_"&F69&"_"&H69&"_"&J69 -> AC_AC11_AC007_AC0027 | B69: E | C69: Internal mounted DX A.H.U./F.C.U. Cooling capacity : 45 k | D69: AC | E69: AIR-CONDITIONING | F69: AC11 | G69: Unitary Air Conditioners | H69: AC007 | I69: Air to Air Split Type DX Air Conditioners | J69: AC0027 | K69: Internal mounted DX A.H.U./F.C.U. Cooling capacity : 45 k
A70: =D70&"_"&F70&"_"&H70&"_"&J70 -> AC_AC11_AC007_AC0028 | B70: E | C70: Internal mounted DX A.H.U./F.C.U. Cooling capacity : 59 k | D70: AC | E70: AIR-CONDITIONING | F70: AC11 | G70: Unitary Air Conditioners | H70: AC007 | I70: Air to Air Split Type DX Air Conditioners | J70: AC0028 | K70: Internal mounted DX A.H.U./F.C.U. Cooling capacity : 59 k
A71: =D71&"_"&F71&"_"&H71&"_"&J71 -> AC_AC11_AC009_NULL | B71: E | C71: Split type room air conditioner, complete set with in | D71: AC | E71: AIR-CONDITIONING | F71: AC11 | G71: Unitary Air Conditioners | H71: AC009 | I71: Split type room air conditioner, complete set with in | J71: NULL
A72: =D72&"_"&F72&"_"&H72&"_"&J72 -> AC_AC11_AC009_AC0029 | B72: E | C72: wall mounted type, cooling capacity : 2.6 up to 3.5 kw | D72: AC | E72: AIR-CONDITIONING | F72: AC11 | G72: Unitary Air Conditioners | H72: AC009 | I72: Split type room air conditioner, complete set with in | J72: AC0029 | K72: wall mounted type, cooling capacity : 2.6 up to 3.5 kw
A73: =D73&"_"&F73&"_"&H73&"_"&J73 -> AC_AC11_AC009_AC0030 | B73: E | C73: wall mounted type, cooling capacity : 3.51 up to 5.2 kw | D73: AC | E73: AIR-CONDITIONING | F73: AC11 | G73: Unitary Air Conditioners | H73: AC009 | I73: Split type room air conditioner, complete set with in | J73: AC0030 | K73: wall mounted type, cooling capacity : 3.51 up to 5.2 kw
A74: =D74&"_"&F74&"_"&H74&"_"&J74 -> AC_AC11_AC009_AC0031 | B74: E | C74: wall mounted type, cooling capacity : 5.21 up to 6.5 kw | D74: AC | E74: AIR-CONDITIONING | F74: AC11 | G74: Unitary Air Conditioners | H74: AC009 | I74: Split type room air conditioner, complete set with in | J74: AC0031 | K74: wall mounted type, cooling capacity : 5.21 up to 6.5 kw
A75: =D75&"_"&F75&"_"&H75&"_"&J75 -> AC_AC11_AC009_AC0032 | B75: E | C75: wall mounted type, cooling capacity : 6.51 up to 7.5 kw | D75: AC | E75: AIR-CONDITIONING | F75: AC11 | G75: Unitary Air Conditioners | H75: AC009 | I75: Split type room air conditioner, complete set with in | J75: AC0032 | K75: wall mounted type, cooling capacity : 6.51 up to 7.5 kw
A76: =D76&"_"&F76&"_"&H76&"_"&J76 -> AC_AC11_AC009_AC0033 | B76: E | C76: wall mounted type, cooling capacity : 7.51 up to 9.5 kw | D76: AC | E76: AIR-CONDITIONING | F76: AC11 | G76: Unitary Air Conditioners | H76: AC009 | I76: Split type room air conditioner, complete set with in | J76: AC0033 | K76: wall mounted type, cooling capacity : 7.51 up to 9.5 kw
A77: =D77&"_"&F77&"_"&H77&"_"&J77 -> AC_AC11_AC009_AC0034 | B77: E | C77: wall mounted type, cooling capacity : 9.51 up to 12 kw | D77: AC | E77: AIR-CONDITIONING | F77: AC11 | G77: Unitary Air Conditioners | H77: AC009 | I77: Split type room air conditioner, complete set with in | J77: AC0034 | K77: wall mounted type, cooling capacity : 9.51 up to 12 kw
A78: =D78&"_"&F78&"_"&H78&"_"&J78 -> AC_AC11_AC009_AC0035 | B78: E | C78: ceiling suspended type, cooling capacity : 5.01 up to 6.5 | D78: AC | E78: AIR-CONDITIONING | F78: AC11 | G78: Unitary Air Conditioners | H78: AC009 | I78: Split type room air conditioner, complete set with in | J78: AC0035 | K78: ceiling suspended type, cooling capacity : 5.01 up to 6.5
A79: =D79&"_"&F79&"_"&H79&"_"&J79 -> AC_AC11_AC009_AC0036 | B79: E | C79: ceiling suspended type, cooling capacity : 6.51 up to 7.5 | D79: AC | E79: AIR-CONDITIONING | F79: AC11 | G79: Unitary Air Conditioners | H79: AC009 | I79: Split type room air conditioner, complete set with in | J79: AC0036 | K79: ceiling suspended type, cooling capacity : 6.51 up to 7.5
A80: =D80&"_"&F80&"_"&H80&"_"&J80 -> AC_AC11_AC009_AC0037 | B80: E | C80: ceiling suspended type, cooling capacity : 7.51 up to 9.0 | D80: AC | E80: AIR-CONDITIONING | F80: AC11 | G80: Unitary Air Conditioners | H80: AC009 | I80: Split type room air conditioner, complete set with in | J80: AC0037 | K80: ceiling suspended type, cooling capacity : 7.51 up to 9.0
A81: =D81&"_"&F81&"_"&H81&"_"&J81 -> AC_AC11_AC009_AC0038 | B81: E | C81: ceiling suspended type, cooling capacity : 9.01 up to 11. | D81: AC | E81: AIR-CONDITIONING | F81: AC11 | G81: Unitary Air Conditioners | H81: AC009 | I81: Split type room air conditioner, complete set with in | J81: AC0038 | K81: ceiling suspended type, cooling capacity : 9.01 up to 11.
A82: =D82&"_"&F82&"_"&H82&"_"&J82 -> AC_AC11_AC009_AC0039 | B82: E | C82: ceiling suspended type, cooling capacity : 11.01 up to 13 | D82: AC | E82: AIR-CONDITIONING | F82: AC11 | G82: Unitary Air Conditioners | H82: AC009 | I82: Split type room air conditioner, complete set with in | J82: AC0039 | K82: ceiling suspended type, cooling capacity : 11.01 up to 13
A83: =D83&"_"&F83&"_"&H83&"_"&J83 -> AC_AC11_AC009_AC0040 | B83: E | C83: ceiling suspended type, cooling capacity : 13.01 up to 17 | D83: AC | E83: AIR-CONDITIONING | F83: AC11 | G83: Unitary Air Conditioners | H83: AC009 | I83: Split type room air conditioner, complete set with in | J83: AC0040 | K83: ceiling suspended type, cooling capacity : 13.01 up to 17
... A94: =D94&"_"&F94&"_"&H94&"_"&J94 -> AC_AC11_AC009_AC0051 | B94: E | C94: ceiling cassette type 8.1 up to 11 kw (cooling) and 9.1 u | D94: AC | E94: AIR-CONDITIONING | F94: AC11 | G94: Unitary Air Conditioners | H94: AC009 | I94: Split type room air conditioner, complete set with in | J94: AC0051 | K94: ceiling cassette type 8.1 up to 11 kw (cooling) and 9.1 u
A95: =D95&"_"&F95&"_"&H95&"_"&J95 -> AC_AC11_AC011_NULL | B95: E | C95: Computer Room Air Conditioning Unit of cooling capaci | D95: AC | E95: AIR-CONDITIONING | F95: AC11 | G95: Unitary Air Conditioners | H95: AC011 | I95: Computer Room Air Conditioning Unit of cooling capaci | J95: NULL
A96: =D96&"_"&F96&"_"&H96&"_"&J96 -> AC_AC11_AC011_AC0052 | B96: E | C96: DX type, with el. boiler humidifier, el. reheat, up to 26 | D96: AC | E96: AIR-CONDITIONING | F96: AC11 | G96: Unitary Air Conditioners | H96: AC011 | I96: Computer Room Air Conditioning Unit of cooling capaci | J96: AC0052 | K96: DX type, with el. boiler humidifier, el. reheat, up to 26
A97: =D97&"_"&F97&"_"&H97&"_"&J97 -> AC_AC11_AC011_AC0053 | B97: E | C97: DX type, with el. boiler humidifier, el. reheat, 26.01 up | D97: AC | E97: AIR-CONDITIONING | F97: AC11 | G97: Unitary Air Conditioners | H97: AC011 | I97: Computer Room Air Conditioning Unit of cooling capaci | J97: AC0053 | K97: DX type, with el. boiler humidifier, el. reheat, 26.01 up
A98: =D98&"_"&F98&"_"&H98&"_"&J98 -> AC_AC11_AC011_AC0054 | B98: E | C98: DX type, with el. boiler humidifier, el. reheat, 35.01 up | D98: AC | E98: AIR-CONDITIONING | F98: AC11 | G98: Unitary Air Conditioners | H98: AC011 | I98: Computer Room Air Conditioning Unit of cooling capaci | J98: AC0054 | K98: DX type, with el. boiler humidifier, el. reheat, 35.01 up
A99: =D99&"_"&F99&"_"&H99&"_"&J99 -> AC_AC11_AC011_AC0055 | B99: E | C99: DX type, with el. boiler humidifier, el. reheat, 50.01 up | D99: AC | E99: AIR-CONDITIONING | F99: AC11 | G99: Unitary Air Conditioners | H99: AC011 | I99: Computer Room Air Conditioning Unit of cooling capaci | J99: AC0055 | K99: DX type, with el. boiler humidifier, el. reheat, 50.01 up
A100: =D100&"_"&F100&"_"&H100&"_"&J100 -> AC_AC11_AC011_AC0056 | B100: E | C100: Chilled water type, with el. humidifier, el. reheat, up t | D100: AC | E100: AIR-CONDITIONING | F100: AC11 | G100: Unitary Air Conditioners | H100: AC011 | I100: Computer Room Air Conditioning Unit of cooling capaci | J100: AC0056 | K100: Chilled water type, with el. humidifier, el. reheat, up t
A101: =D101&"_"&F101&"_"&H101&"_"&J101 -> AC_AC11_AC011_AC0057 | B101: E | C101: Chilled water type, with el. humidifier, el. reheat, 26.0 | D101: AC | E101: AIR-CONDITIONING | F101: AC11 | G101: Unitary Air Conditioners | H101: AC011 | I101: Computer Room Air Conditioning Unit of cooling capaci | J101: AC0057 | K101: Chilled water type, with el. humidifier, el. reheat, 26.0
A102: =D102&"_"&F102&"_"&H102&"_"&J102 -> AC_AC11_AC011_AC0058 | B102: E | C102: Chilled water type, with el. boiler humidifier, el. rehea | D102: AC | E102: AIR-CONDITIONING | F102: AC11 | G102: Unitary Air Conditioners | H102: AC011 | I102: Computer Room Air Conditioning Unit of cooling capaci | J102: AC0058 | K102: Chilled water type, with el. boiler humidifier, el. rehea
A103: =D103&"_"&F103&"_"&H103&"_"&J103 -> AC_AC11_AC011_AC0059 | B103: E | C103: Chilled water type, with el. boiler humidifier, el. rehea | D103: AC | E103: AIR-CONDITIONING | F103: AC11 | G103: Unitary Air Conditioners | H103: AC011 | I103: Computer Room Air Conditioning Unit of cooling capaci | J103: AC0059 | K103: Chilled water type, with el. boiler humidifier, el. rehea
A104: =D104&"_"&F104&"_"&H104&"_"&J104 -> AC_AC11_AC013_NULL | B104: E | C104: Water detection system (similar to Raychem Track Tek) | D104: AC | E104: AIR-CONDITIONING | F104: AC11 | G104: Unitary Air Conditioners | H104: AC013 | I104: Water detection system (similar to Raychem Track Tek) | J104: NULL
A105: =D105&"_"&F105&"_"&H105&"_"&J105 -> AC_AC11_AC015_NULL | B105: E | C105: Water sensing cable | D105: AC | E105: AIR-CONDITIONING | F105: AC11 | G105: Unitary Air Conditioners | H105: AC015 | I105: Water sensing cable | J105: NULL
A106: =D106&"_"&F106&"_"&H106&"_"&J106 -> AC_AC11_AC017_NULL | B106: E | C106: Temperature and humidity chart recorder | D106: AC | E106: AIR-CONDITIONING | F106: AC11 | G106: Unitary Air Conditioners | H106: AC017 | I106: Temperature and humidity chart recorder | J106: NULL
A107: =D107&"_"&F107&"_"&H107&"_"&J107 -> AC_AC12_NULL_NULL | B107: E | C107: Refrigerant Circuit | D107: AC | E107: AIR-CONDITIONING | F107: AC12 | G107: Refrigerant Circuit | H107: NULL | J107: NULL
A108: =D108&"_"&F108&"_"&H108&"_"&J108 -> AC_AC12_AC019_NULL | B108: E | C108: Copper refrigerant pipes without insulation | D108: AC | E108: AIR-CONDITIONING | F108: AC12 | G108: Refrigerant Circuit | H108: AC019 | I108: Copper refrigerant pipes without insulation | J108: NULL
A109: =D109&"_"&F109&"_"&H109&"_"&J109 -> AC_AC12_AC019_AC0060 | B109: E | C109: pipe diameter : 9 mm | D109: AC | E109: AIR-CONDITIONING | F109: AC12 | G109: Refrigerant Circuit | H109: AC019 | I109: Copper refrigerant pipes without insulation | J109: AC0060 | K109: pipe diameter : 9 mm
A110: =D110&"_"&F110&"_"&H110&"_"&J110 -> AC_AC12_AC019_AC0061 | B110: E | C110: pipe diameter : 15 mm | D110: AC | E110: AIR-CONDITIONING | F110: AC12 | G110: Refrigerant Circuit | H110: AC019 | I110: Copper refrigerant pipes without insulation | J110: AC0061 | K110: pipe diameter : 15 mm
...

Sheet AR
A1: UniqueID | B1: Category | C1: Family Name | D1: Element_CodePSB_Element1 | E1: PSB_Floor | F1: Subelement_CodePSB_Sub-element1 | G1: PSB_Element1 | H1: PSB_Sub-element1 | I1: PSB_Component1 | J1: PSB_Attribute1 | K1: PSB_element_doc1 | L1: PSB_manufacturer1 | M1: PSB_Remarks1 | N1: PSB_Element2 | O1: PSB_Sub-element2 | P1: PSB_Component2 | Q1: PSB_Attribute2 | R1: PSB_element_doc2 | S1: PSB_manufacturer2 | T1: PSB_Remarks2 | U1: PSB_Element3 | V1: PSB_Sub-element3 | W1: PSB_Component3 | X1: PSB_Attribute3 | Y1: PSB_element_doc3 | Z1: PSB_manufacturer3 | AA1: PSB_Remarks3 | AB1: PSB_Element4 | AC1: PSB_Sub-element4 | AD1: PSB_Component4 | AE1: PSB_Attribute4 | AF1: PSB_element_doc4 | AG1: PSB_manufacturer4 | AH1: PSB_Remarks4 | AI1: PSB_Element5 | AJ1: PSB_Sub-element5 | AK1: PSB_Component5 | AL1: PSB_Attribute5 | AM1: PSB_element_doc5 | AN1: PSB_manufacturer5 | AO1: PSB_Remarks5 | AP1: PSB_MWORRF_link | AQ1: PSB_MWO_link | AR1: PSB_WO_link | AS1: SoR_no | AT1: PSB_Ins_Sch_Des | AU1: psb_CDELevel | AV1: PSB_feature | AW1: PSB_Ins_Interval | AX1: ArchSD Checking on Element 1 | AY1: ArchSD Checking on Element 2 | AZ1: ArchSD Checking on Element 3 | BA1: ArchSD Checking on Element 4 | BB1: ArchSD Checking on Element 5 | BC1: BIM Element Code 1 (Location Code+Floor+Element+Element No) | BD1: BIM Element Code 2 (Location Code+Floor+Element+Element No) | BE1: BIM Element Code 3 (Location Code+Floor+Element+Element No) | BF1: BIM Element Code 4 (Location Code+Floor+Element+Element No)3 | BG1: BIM Element Code 5 (Location Code+Floor+Element+Element No)3 | BH1: Element ID for Element1 is repeated? | BI1: Element ID for Element2 is repeated? | BJ1: Element ID for Element3 is repeated? | BK1: Element ID for Element4 is repeated? | BL1: Element ID for Element5 is repeated? | BM1: Comment by ArchSD | BN1: Type (For Reference) | BO1: Family (For Reference) | BP1: Category (For Reference)
G2: STR | H2: SHAF | I2: PANAC | J2: NULL | K2: NULL | L2: NULL | M2: NULL | N2: NULL | O2: NULL | P2: NULL | Q2: NULL | R2: NULL | S2: NULL | T2: NULL | U2: NULL | V2: NULL | W2: NULL | X2: NULL | Y2: NULL | Z2: NULL | AA2: NULL | AB2: NULL | AC2: NULL | AD2: NULL | AE2: NULL | AF2: NULL | AG2: NULL | AH2: NULL | AI2: NULL | AJ2: NULL | AK2: NULL | AL2: NULL | AM2: NULL | AN2: NULL | AO2: NULL | AP2: NULL | AQ2: NULL | AR2: NULL | AS2: NULL | AT2: NULL | AU2: NULL | AV2: NULL | AW2: NULL | AX2: =IF(COUNTIF('ACTION Element Code Table'!$A:$A,G2&"_"&H2&"_"&I2&"_"&J2)=1,VLOOKUP(G2&"_"&H2&"_"&I2&"_"&J2,'ACTION Element Code Table'!$A:$C,3,FALSE),IF(G2&"_"&H2&"_"&I2&"_"&J2="NULL_NULL_NULL_NULL","NULL","Not exist in ACTION Element Code Table")) -> ACCESS PANEL OF SHAFT | AY2: =IF(COUNTIF('ACTION Element Code Table'!$A:$A,N2&"_"&O2&"_"&P2&"_"&Q2)=1,VLOOKUP(N2&"_"&O2&"_"&P2&"_"&Q2,'ACTION Element Code Table'!$A:$C,3,FALSE),IF(N2&"_"&O2&"_"&P2&"_"&Q2="NULL_NULL_NULL_NULL","NULL","Not exist in ACTION Element Code Table")) -> NULL | AZ2: =IF(COUNTIF('ACTION Element Code Table'!$A:$A,U2&"_"&V2&"_"&W2&"_"&X2)=1,VLOOKUP(U2&"_"&V2&"_"&W2&"_"&X2,'ACTION Element Code Table'!$A:$C,3,FALSE),IF(U2&"_"&V2&"_"&W2&"_"&X2="NULL_NULL_NULL_NULL","NULL","Not exist in ACTION Element Code Table")) -> NULL | BA2: =IF(COUNTIF('ACTION Element Code Table'!$A:$A,AB2&"_"&AC2&"_"&AD2&"_"&AE2)=1,VLOOKUP(AB2&"_"&AC2&"_"&AD2&"_"&AE2,'ACTION Element Code Table'!$A:$C,3,FALSE),IF(AB2&"_"&AC2&"_"&AD2&"_"&AE2="NULL_NULL_NULL_NULL","NULL","Not exist in ACTION Element Code Table")) -> NULL | BB2: =IF(COUNTIF('ACTION Element Code Table'!$A:$A,AI2&"_"&AJ2&"_"&AK2&"_"&AL2)=1,VLOOKUP(AI2&"_"&AJ2&"_"&AK2&"_"&AL2,'ACTION Element Code Table'!$A:$C,3,FALSE),IF(AI2&"_"&AJ2&"_"&AK2&"_"&AL2="NULL_NULL_NULL_NULL","NULL","Not exist in ACTION Element Code Table")) -> NULL | BC2: =D2&E2&G2&H2&I2&J2&F2 -> STRSHAFPANACNULL | BD2: =D2&E2&N2&O2&P2&Q2&F2 -> NULLNULLNULLNULL | BE2: =D2&E2&U2&V2&W2&X2&F2 -> NULLNULLNULLNULL | BF2: =D2&E2&AB2&AC2&AD2&AE2&F2 -> NULLNULLNULLNULL | BG2: =D2&E2&AI2&AJ2&AK2&AL2&F2 -> NULLNULLNULLNULL | BH2: =IF(COUNTIF($BB:$BF,BC2)>1,"Duplicated","") | BI2: =IF(COUNTIF($BB:$BF,BD2)>1,"Duplicated","") -> Duplicated | BJ2: =IF(COUNTIF($BB:$BF,BE2)>1,"Duplicated","") -> Duplicated | BK2: =IF(COUNTIF($BB:$BF,BF2)>1,"Duplicated","") -> Duplicated | BL2: =IF(COUNTIF($BB:$BF,BG2)>1,"Duplicated","") -> Duplicated | BM2: Access Panel
G3: STR | H3: BAL | I3: BALU | J3: NULL | K3: NULL | L3: NULL | M3: NULL | N3: NULL | O3: NULL | P3: NULL | Q3: NULL | R3: NULL | S3: NULL | T3: NULL | U3: NULL | V3: NULL | W3: NULL | X3: NULL | Y3: NULL | Z3: NULL | AA3: NULL | AB3: NULL | AC3: NULL | AD3: NULL | AE3: NULL | AF3: NULL | AG3: NULL | AH3: NULL | AI3: NULL | AJ3: NULL | AK3: NULL | AL3: NULL | AM3: NULL | AN3: NULL | AO3: NULL | AP3: NULL | AQ3: NULL | AR3: NULL | AS3: NULL | AT3: NULL | AU3: NULL | AV3: NULL | AW3: NULL | AX3: =IF(COUNTIF('ACTION Element Code Table'!$A:$A,G3&"_"&H3&"_"&I3&"_"&J3)=1,VLOOKUP(G3&"_"&H3&"_"&I3&"_"&J3,'ACTION Element Code Table'!$A:$C,3,FALSE),IF(G3&"_"&H3&"_"&I3&"_"&J3="NULL_NULL_NULL_NULL","NULL","Not exist in ACTION Element Code Table")) -> BALUSTRADE ON BALCONY | AY3: =IF(COUNTIF('ACTION Element Code Table'!$A:$A,N3&"_"&O3&"_"&P3&"_"&Q3)=1,VLOOKUP(N3&"_"&O3&"_"&P3&"_"&Q3,'ACTION Element Code Table'!$A:$C,3,FALSE),IF(N3&"_"&O3&"_"&P3&"_"&Q3="NULL_NULL_NULL_NULL","NULL","Not exist in ACTION Element Code Table")) -> NULL | AZ3: =IF(COUNTIF('ACTION Element Code Table'!$A:$A,U3&"_"&V3&"_"&W3&"_"&X3)=1,VLOOKUP(U3&"_"&V3&"_"&W3&"_"&X3,'ACTION Element Code Table'!$A:$C,3,FALSE),IF(U3&"_"&V3&"_"&W3&"_"&X3="NULL_NULL_NULL_NULL","NULL","Not exist in ACTION Element Code Table")) -> NULL | BA3: =IF(COUNTIF('ACTION Element Code Table'!$A:$A,AB3&"_"&AC3&"_"&AD3&"_"&AE3)=1,VLOOKUP(AB3&"_"&AC3&"_"&AD3&"_"&AE3,'ACTION Element Code Table'!$A:$C,3,FALSE),IF(AB3&"_"&AC3&"_"&AD3&"_"&AE3="NULL_NULL_NULL_NULL","NULL","Not exist in ACTION Element Code Table")) -> NULL | BB3: =IF(COUNTIF('ACTION Element Code Table'!$A:$A,AI3&"_"&AJ3&"_"&AK3&"_"&AL3)=1,VLOOKUP(AI3&"_"&AJ3&"_"&AK3&"_"&AL3,'ACTION Element Code Table'!$A:$C,3,FALSE),IF(AI3&"_"&AJ3&"_"&AK3&"_"&AL3="NULL_NULL_NULL_NULL","NULL","Not exist in ACTION Element Code Table")) -> NULL | BC3: =D3&E3&G3&H3&I3&J3&F3 -> STRBALBALUNULL | BD3: =D3&E3&N3&O3&P3&Q3&F3 -> NULLNULLNULLNULL | BE3: =D3&E3&U3&V3&W3&X3&F3 -> NULLNULLNULLNULL | BF3: =D3&E3&AB3&AC3&AD3&AE3&F3 -> NULLNULLNULLNULL | BG3: =D3&E3&AI3&AJ3&AK3&AL3&F3 -> NULLNULLNULLNULL | BH3: =IF(COUNTIF($BB:$BF,BC3)>1,"Duplicated","") | BI3: =IF(COUNTIF($BB:$BF,BD3)>1,"Duplicated","") -> Duplicated | BJ3: =IF(COUNTIF($BB:$BF,BE3)>1,"Duplicated","") -> Duplicated | BK3: =IF(COUNTIF($BB:$BF,BF3)>1,"Duplicated","") -> Duplicated | BL3: =IF(COUNTIF($BB:$BF,BG3)>1,"Duplicated","") -> Duplicated | BM3: Balcony Railing | BN3: Railing
G4: STR | H4: BAL | I4: BALU | J4: BR | K4: NULL | L4: NULL | M4: NULL | N4: NULL | O4: NULL | P4: NULL | Q4: NULL | R4: NULL | S4: NULL | T4: NULL | U4: NULL | V4: NULL | W4: NULL | X4: NULL | Y4: NULL | Z4: NULL | AA4: NULL | AB4: NULL | AC4: NULL | AD4: NULL | AE4: NULL | AF4: NULL | AG4: NULL | AH4: NULL | AI4: NULL | AJ4: NULL | AK4: NULL | AL4: NULL | AM4: NULL | AN4: NULL | AO4: NULL | AP4: NULL | AQ4: NULL | AR4: NULL | AS4: NULL | AT4: NULL | AU4: NULL | AV4: NULL | AW4: NULL | AX4: =IF(COUNTIF('ACTION Element Code Table'!$A:$A,G4&"_"&H4&"_"&I4&"_"&J4)=1,VLOOKUP(G4&"_"&H4&"_"&I4&"_"&J4,'ACTION Element Code Table'!$A:$C,3,FALSE),IF(G4&"_"&H4&"_"&I4&"_"&J4="NULL_NULL_NULL_NULL","NULL","Not exist in ACTION Element Code Table")) -> BRICK BALUSTRADE ON BALCONY | AY4: =IF(COUNTIF('ACTION Element Code Table'!$A:$A,N4&"_"&O4&"_"&P4&"_"&Q4)=1,VLOOKUP(N4&"_"&O4&"_"&P4&"_"&Q4,'ACTION Element Code Table'!$A:$C,3,FALSE),IF(N4&"_"&O4&"_"&P4&"_"&Q4="NULL_NULL_NULL_NULL","NULL","Not exist in ACTION Element Code Table")) -> NULL | AZ4: =IF(COUNTIF('ACTION Element Code Table'!$A:$A,U4&"_"&V4&"_"&W4&"_"&X4)=1,VLOOKUP(U4&"_"&V4&"_"&W4&"_"&X4,'ACTION Element Code Table'!$A:$C,3,FALSE),IF(U4&"_"&V4&"_"&W4&"_"&X4="NULL_NULL_NULL_NULL","NULL","Not exist in ACTION Element Code Table")) -> NULL | BA4: =IF(COUNTIF('ACTION Element Code Table'!$A:$A,AB4&"_"&AC4&"_"&AD4&"_"&AE4)=1,VLOOKUP(AB4&"_"&AC4&"_"&AD4&"_"&AE4,'ACTION Element Code Table'!$A:$C,3,FALSE),IF(AB4&"_"&AC4&"_"&AD4&"_"&AE4="NULL_NULL_NULL_NULL","NULL","Not exist in ACTION Element Code Table")) -> NULL | BB4: =IF(COUNTIF('ACTION Element Code Table'!$A:$A,AI4&"_"&AJ4&"_"&AK4&"_"&AL4)=1,VLOOKUP(AI4&"_"&AJ4&"_"&AK4&"_"&AL4,'ACTION Element Code Table'!$A:$C,3,FALSE),IF(AI4&"_"&AJ4&"_"&AK4&"_"&AL4="NULL_NULL_NULL_NULL","NULL","Not exist in ACTION Element Code Table")) -> NULL | BC4: =D4&E4&G4&H4&I4&J4&F4 -> STRBALBALUBR | BD4: =D4&E4&N4&O4&P4&Q4&F4 -> NULLNULLNULLNULL | BE4: =D4&E4&U4&V4&W4&X4&F4 -> NULLNULLNULLNULL | BF4: =D4&E4&AB4&AC4&AD4&AE4&F4 -> NULLNULLNULLNULL | BG4: =D4&E4&AI4&AJ4&AK4&AL4&F4 -> NULLNULLNULLNULL | BH4: =IF(COUNTIF($BB:$BF,BC4)>1,"Duplicated","") | BI4: =IF(COUNTIF($BB:$BF,BD4)>1,"Duplicated","") -> Duplicated | BJ4: =IF(COUNTIF($BB:$BF,BE4)>1,"Duplicated","") -> Duplicated | BK4: =IF(COUNTIF($BB:$BF,BF4)>1,"Duplicated","") -> Duplicated | BL4: =IF(COUNTIF($BB:$BF,BG4)>1,"Duplicated","") -> Duplicated | BM4: Balustrade | BN4: Railing
G5: SPE | H5: SPORT | I5: STRBC | J5: NULL | K5: NULL | L5: NULL | M5: NULL | N5: NULL | O5: NULL | P5: NULL | Q5: NULL | R5: NULL | S5: NULL | T5: NULL | U5: NULL | V5: NULL | W5: NULL | X5: NULL | Y5: NULL | Z5: NULL | AA5: NULL | AB5: NULL | AC5: NULL | AD5: NULL | AE5: NULL | AF5: NULL | AG5: NULL | AH5: NULL | AI5: NULL | AJ5: NULL | AK5: NULL | AL5: NULL | AM5: NULL | AN5: NULL | AO5: NULL | AP5: NULL | AQ5: NULL | AR5: NULL | AS5: NULL | AT5: NULL | AU5: NULL | AV5: NULL | AW5: NULL | AX5: =IF(COUNTIF('ACTION Element Code Table'!$A:$A,G5&"_"&H5&"_"&I5&"_"&J5)=1,VLOOKUP(G5&"_"&H5&"_"&I5&"_"&J5,'ACTION Element Code Table'!$A:$C,3,FALSE),IF(G5&"_"&H5&"_"&I5&"_"&J5="NULL_NULL_NULL_NULL","NULL","Not exist in ACTION Element Code Table")) -> STRUCTURE OF BALL COURT | AY5: =IF(COUNTIF('ACTION Element Code Table'!$A:$A,N5&"_"&O5&"_"&P5&"_"&Q5)=1,VLOOKUP(N5&"_"&O5&"_"&P5&"_"&Q5,'ACTION Element Code Table'!$A:$C,3,FALSE),IF(N5&"_"&O5&"_"&P5&"_"&Q5="NULL_NULL_NULL_NULL","NULL","Not exist in ACTION Element Code Table")) -> NULL | AZ5: =IF(COUNTIF('ACTION Element Code Table'!$A:$A,U5&"_"&V5&"_"&W5&"_"&X5)=1,VLOOKUP(U5&"_"&V5&"_"&W5&"_"&X5,'ACTION Element Code Table'!$A:$C,3,FALSE),IF(U5&"_"&V5&"_"&W5&"_"&X5="NULL_NULL_NULL_NULL","NULL","Not exist in ACTION Element Code Table")) -> NULL | BA5: =IF(COUNTIF('ACTION Element Code Table'!$A:$A,AB5&"_"&AC5&"_"&AD5&"_"&AE5)=1,VLOOKUP(AB5&"_"&AC5&"_"&AD5&"_"&AE5,'ACTION Element Code Table'!$A:$C,3,FALSE),IF(AB5&"_"&AC5&"_"&AD5&"_"&AE5="NULL_NULL_NULL_NULL","NULL","Not exist in ACTION Element Code Table")) -> NULL | BB5: =IF(COUNTIF('ACTION Element Code Table'!$A:$A,AI5&"_"&AJ5&"_"&AK5&"_"&AL5)=1,VLOOKUP(AI5&"_"&AJ5&"_"&AK5&"_"&AL5,'ACTION Element Code Table'!$A:$C,3,FALSE),IF(AI5&"_"&AJ5&"_"&AK5&"_"&AL5="NULL_NULL_NULL_NULL","NULL","Not exist in ACTION Element Code Table")) -> NULL | BC5: =D5&E5&G5&H5&I5&J5&F5 -> SPESPORTSTRBCNULL | BD5: =D5&E5&N5&O5&P5&Q5&F5 -> NULLNULLNULLNULL | BE5: =D5&E5&U5&V5&W5&X5&F5 -> NULLNULLNULLNULL | BF5: =D5&E5&AB5&AC5&AD5&AE5&F5 -> NULLNULLNULLNULL | BG5: =D5&E5&AI5&AJ5&AK5&AL5&F5 -> NULLNULLNULLNULL | BH5: =IF(COUNTIF($BB:$BF,BC5)>1,"Duplicated","") | BI5: =IF(COUNTIF($BB:$BF,BD5)>1,"Duplicated","") -> Duplicated | BJ5: =IF(COUNTIF($BB:$BF,BE5)>1,"Duplicated","") -> Duplicated | BK5: =IF(COUNTIF($BB:$BF,BF5)>1,"Duplicated","") -> Duplicated | BL5: =IF(COUNTIF($BB:$BF,BG5)>1,"Duplicated","") -> Duplicated | BM5: Basketball Backstop | BN5: Ball Court
G6: SANI | H6: BA | I6: NULL | J6: NULL | K6: NULL | L6: NULL | M6: NULL | N6: NULL | O6: NULL | P6: NULL | Q6: NULL | R6: NULL | S6: NULL | T6: NULL | U6: NULL | V6: NULL | W6: NULL | X6: NULL | Y6: NULL | Z6: NULL | AA6: NULL | AB6: NULL | AC6: NULL | AD6: NULL | AE6: NULL | AF6: NULL | AG6: NULL | AH6: NULL | AI6: NULL | AJ6: NULL | AK6: NULL | AL6: NULL | AM6: NULL | AN6: NULL | AO6: NULL | AP6: NULL | AQ6: NULL | AR6: NULL | AS6: NULL | AT6: NULL | AU6: NULL | AV6: NULL | AW6: NULL | AX6: =IF(COUNTIF('ACTION Element Code Table'!$A:$A,G6&"_"&H6&"_"&I6&"_"&J6)=1,VLOOKUP(G6&"_"&H6&"_"&I6&"_"&J6,'ACTION Element Code Table'!$A:$C,3,FALSE),IF(G6&"_"&H6&"_"&I6&"_"&J6="NULL_NULL_NULL_NULL","NULL","Not exist in ACTION Element Code Table")) -> BATH TUBE | AY6: =IF(COUNTIF('ACTION Element Code Table'!$A:$A,N6&"_"&O6&"_"&P6&"_"&Q6)=1,VLOOKUP(N6&"_"&O6&"_"&P6&"_"&Q6,'ACTION Element Code Table'!$A:$C,3,FALSE),IF(N6&"_"&O6&"_"&P6&"_"&Q6="NULL_NULL_NULL_NULL","NULL","Not exist in ACTION Element Code Table")) -> NULL | AZ6: =IF(COUNTIF('ACTION Element Code Table'!$A:$A,U6&"_"&V6&"_"&W6&"_"&X6)=1,VLOOKUP(U6&"_"&V6&"_"&W6&"_"&X6,'ACTION Element Code Table'!$A:$C,3,FALSE),IF(U6&"_"&V6&"_"&W6&"_"&X6="NULL_NULL_NULL_NULL","NULL","Not exist in ACTION Element Code Table")) -> NULL | BA6: =IF(COUNTIF('ACTION Element Code Table'!$A:$A,AB6&"_"&AC6&"_"&AD6&"_"&AE6)=1,VLOOKUP(AB6&"_"&AC6&"_"&AD6&"_"&AE6,'ACTION Element Code Table'!$A:$C,3,FALSE),IF(AB6&"_"&AC6&"_"&AD6&"_"&AE6="NULL_NULL_NULL_NULL","NULL","Not exist in ACTION Element Code Table")) -> NULL | BB6: =IF(COUNTIF('ACTION Element Code Table'!$A:$A,AI6&"_"&AJ6&"_"&AK6&"_"&AL6)=1,VLOOKUP(AI6&"_"&AJ6&"_"&AK6&"_"&AL6,'ACTION Element Code Table'!$A:$C,3,FALSE),IF(AI6&"_"&AJ6&"_"&AK6&"_"&AL6="NULL_NULL_NULL_NULL","NULL","Not exist in ACTION Element Code Table")) -> NULL | BC6: =D6&E6&G6&H6&I6&J6&F6 -> SANIBANULLNULL | BD6: =D6&E6&N6&O6&P6&Q6&F6 -> NULLNULLNULLNULL | BE6: =D6&E6&U6&V6&W6&X6&F6 -> NULLNULLNULLNULL | BF6: =D6&E6&AB6&AC6&AD6&AE6&F6 -> NULLNULLNULLNULL | BG6: =D6&E6&AI6&AJ6&AK6&AL6&F6 -> NULLNULLNULLNULL | BH6: =IF(COUNTIF($BB:$BF,BC6)>1,"Duplicated","") | BI6: =IF(COUNTIF($BB:$BF,BD6)>1,"Duplicated","") -> Duplicated | BJ6: =IF(COUNTIF($BB:$BF,BE6)>1,"Duplicated","") -> Duplicated | BK6: =IF(COUNTIF($BB:$BF,BF6)>1,"Duplicated","") -> Duplicated | BL6: =IF(COUNTIF($BB:$BF,BG6)>1,"Duplicated","") -> Duplicated | BM6: Bathtube | BN6: Toilet Fixture
G7: FF | H7: FFOT | I7: NULL | J7: NULL | K7: NULL | L7: NULL | M7: NULL | N7: NULL | O7: NULL | P7: NULL | Q7: NULL | R7: NULL | S7: NULL | T7: NULL | U7: NULL | V7: NULL | W7: NULL | X7: NULL | Y7: NULL | Z7: NULL | AA7: NULL | AB7: NULL | AC7: NULL | AD7: NULL | AE7: NULL | AF7: NULL | AG7: NULL | AH7: NULL | AI7: NULL | AJ7: NULL | AK7: NULL | AL7: NULL | AM7: NULL | AN7: NULL | AO7: NULL | AP7: NULL | AQ7: NULL | AR7: NULL | AS7: NULL | AT7: NULL | AU7: NULL | AV7: NULL | AW7: NULL | AX7: =IF(COUNTIF('ACTION Element Code Table'!$A:$A,G7&"_"&H7&"_"&I7&"_"&J7)=1,VLOOKUP(G7&"_"&H7&"_"&I7&"_"&J7,'ACTION Element Code Table'!$A:$C,3,FALSE),IF(G7&"_"&H7&"_"&I7&"_"&J7="NULL_NULL_NULL_NULL","NULL","Not exist in ACTION Element Code Table")) -> OTHER FIXTURES & FITTING | AY7: =IF(COUNTIF('ACTION Element Code Table'!$A:$A,N7&"_"&O7&"_"&P7&"_"&Q7)=1,VLOOKUP(N7&"_"&O7&"_"&P7&"_"&Q7,'ACTION Element Code Table'!$A:$C,3,FALSE),IF(N7&"_"&O7&"_"&P7&"_"&Q7="NULL_NULL_NULL_NULL","NULL","Not exist in ACTION Element Code Table")) -> NULL | AZ7: =IF(COUNTIF('ACTION Element Code Table'!$A:$A,U7&"_"&V7&"_"&W7&"_"&X7)=1,VLOOKUP(U7&"_"&V7&"_"&W7&"_"&X7,'ACTION Element Code Table'!$A:$C,3,FALSE),IF(U7&"_"&V7&"_"&W7&"_"&X7="NULL_NULL_NULL_NULL","NULL","Not exist in ACTION Element Code Table")) -> NULL | BA7: =IF(COUNTIF('ACTION Element Code Table'!$A:$A,AB7&"_"&AC7&"_"&AD7&"_"&AE7)=1,VLOOKUP(AB7&"_"&AC7&"_"&AD7&"_"&AE7,'ACTION Element Code Table'!$A:$C,3,FALSE),IF(AB7&"_"&AC7&"_"&AD7&"_"&AE7="NULL_NULL_NULL_NULL","NULL","Not exist in ACTION Element Code Table")) -> NULL | BB7: =IF(COUNTIF('ACTION Element Code Table'!$A:$A,AI7&"_"&AJ7&"_"&AK7&"_"&AL7)=1,VLOOKUP(AI7&"_"&AJ7&"_"&AK7&"_"&AL7,'ACTION Element Code Table'!$A:$C,3,FALSE),IF(AI7&"_"&AJ7&"_"&AK7&"_"&AL7="NULL_NULL_NULL_NULL","NULL","Not exist in ACTION Element Code Table")) -> NULL | BC7: =D7&E7&G7&H7&I7&J7&F7 -> FFFFOTNULLNULL | BD7: =D7&E7&N7&O7&P7&Q7&F7 -> NULLNULLNULLNULL | BE7: =D7&E7&U7&V7&W7&X7&F7 -> NULLNULLNULLNULL | BF7: =D7&E7&AB7&AC7&AD7&AE7&F7 -> NULLNULLNULLNULL | BG7: =D7&E7&AI7&AJ7&AK7&AL7&F7 -> NULLNULLNULLNULL | BH7: =IF(COUNTIF($BB:$BF,BC7)>1,"Duplicated","") -> Duplicated | BI7: =IF(COUNTIF($BB:$BF,BD7)>1,"Duplicated","") -> Duplicated | BJ7: =IF(COUNTIF($BB:$BF,BE7)>1,"Duplicated","") -> Duplicated | BK7: =IF(COUNTIF($BB:$BF,BF7)>1,"Duplicated","") -> Duplicated | BL7: =IF(COUNTIF($BB:$BF,BG7)>1,"Duplicated","") -> Duplicated | BM7: Bed | BN7: Fixture
G8: FUR | H8: BEN | I8: NULL | J8: NULL | K8: NULL | L8: NULL | M8: NULL | N8: NULL | O8: NULL | P8: NULL | Q8: NULL | R8: NULL | S8: NULL | T8: NULL | U8: NULL | V8: NULL | W8: NULL | X8: NULL | Y8: NULL | Z8: NULL | AA8: NULL | AB8: NULL | AC8: NULL | AD8: NULL | AE8: NULL | AF8: NULL | AG8: NULL | AH8: NULL | AI8: NULL | AJ8: NULL | AK8: NULL | AL8: NULL | AM8: NULL | AN8: NULL | AO8: NULL | AP8: NULL | AQ8: NULL | AR8: NULL | AS8: NULL | AT8: NULL | AU8: NULL | AV8: NULL | AW8: NULL | AX8: =IF(COUNTIF('ACTION Element Code Table'!$A:$A,G8&"_"&H8&"_"&I8&"_"&J8)=1,VLOOKUP(G8&"_"&H8&"_"&I8&"_"&J8,'ACTION Element Code Table'!$A:$C,3,FALSE),IF(G8&"_"&H8&"_"&I8&"_"&J8="NULL_NULL_NULL_NULL","NULL","Not exist in ACTION Element Code Table")) -> FIXED BENCH | AY8: =IF(COUNTIF('ACTION Element Code Table'!$A:$A,N8&"_"&O8&"_"&P8&"_"&Q8)=1,VLOOKUP(N8&"_"&O8&"_"&P8&"_"&Q8,'ACTION Element Code Table'!$A:$C,3,FALSE),IF(N8&"_"&O8&"_"&P8&"_"&Q8="NULL_NULL_NULL_NULL","NULL","Not exist in ACTION Element Code Table")) -> NULL | AZ8: =IF(COUNTIF('ACTION Element Code Table'!$A:$A,U8&"_"&V8&"_"&W8&"_"&X8)=1,VLOOKUP(U8&"_"&V8&"_"&W8&"_"&X8,'ACTION Element Code Table'!$A:$C,3,FALSE),IF(U8&"_"&V8&"_"&W8&"_"&X8="NULL_NULL_NULL_NULL","NULL","Not exist in ACTION Element Code Table")) -> NULL | BA8: =IF(COUNTIF('ACTION Element Code Table'!$A:$A,AB8&"_"&AC8&"_"&AD8&"_"&AE8)=1,VLOOKUP(AB8&"_"&AC8&"_"&AD8&"_"&AE8,'ACTION Element Code Table'!$A:$C,3,FALSE),IF(AB8&"_"&AC8&"_"&AD8&"_"&AE8="NULL_NULL_NULL_NULL","NULL","Not exist in ACTION Element Code Table")) -> NULL | BB8: =IF(COUNTIF('ACTION Element Code Table'!$A:$A,AI8&"_"&AJ8&"_"&AK8&"_"&AL8)=1,VLOOKUP(AI8&"_"&AJ8&"_"&AK8&"_"&AL8,'ACTION Element Code Table'!$A:$C,3,FALSE),IF(AI8&"_"&AJ8&"_"&AK8&"_"&AL8="NULL_NULL_NULL_NULL","NULL","Not exist in ACTION Element Code Table")) -> NULL | BC8: =D8&E8&G8&H8&I8&J8&F8 -> FURBENNULLNULL | BD8: =D8&E8&N8&O8&P8&Q8&F8 -> NULLNULLNULLNULL | BE8: =D8&E8&U8&V8&W8&X8&F8 -> NULLNULLNULLNULL | BF8: =D8&E8&AB8&AC8&AD8&AE8&F8 -> NULLNULLNULLNULL | BG8: =D8&E8&AI8&AJ8&AK8&AL8&F8 -> NULLNULLNULLNULL | BH8: =IF(COUNTIF($BB:$BF,BC8)>1,"Duplicated","") | BI8: =IF(COUNTIF($BB:$BF,BD8)>1,"Duplicated","") -> Duplicated | BJ8: =IF(COUNTIF($BB:$BF,BE8)>1,"Duplicated","") -> Duplicated | BK8: =IF(COUNTIF($BB:$BF,BF8)>1,"Duplicated","") -> Duplicated | BL8: =IF(COUNTIF($BB:$BF,BG8)>1,"Duplicated","") -> Duplicated | BM8: Bench | BN8: Bench
G9: STR | H9: WL | I9: STRU | J9: BR | K9: NULL | L9: NULL | M9: NULL | N9: NULL | O9: NULL | P9: NULL | Q9: NULL | R9: NULL | S9: NULL | T9: NULL | U9: NULL | V9: NULL | W9: NULL | X9: NULL | Y9: NULL | Z9: NULL | AA9: NULL | AB9: NULL | AC9: NULL | AD9: NULL | AE9: NULL | AF9: NULL | AG9: NULL | AH9: NULL | AI9: NULL | AJ9: NULL | AK9: NULL | AL9: NULL | AM9: NULL | AN9: NULL | AO9: NULL | AP9: NULL | AQ9: NULL | AR9: NULL | AS9: NULL | AT9: NULL | AU9: NULL | AV9: NULL | AW9: NULL | AX9: =IF(COUNTIF('ACTION Element Code Table'!$A:$A,G9&"_"&H9&"_"&I9&"_"&J9)=1,VLOOKUP(G9&"_"&H9&"_"&I9&"_"&J9,'ACTION Element Code Table'!$A:$C,3,FALSE),IF(G9&"_"&H9&"_"&I9&"_"&J9="NULL_NULL_NULL_NULL","NULL","Not exist in ACTION Element Code Table")) -> BRICK WALL | AY9: =IF(COUNTIF('ACTION Element Code Table'!$A:$A,N9&"_"&O9&"_"&P9&"_"&Q9)=1,VLOOKUP(N9&"_"&O9&"_"&P9&"_"&Q9,'ACTION Element Code Table'!$A:$C,3,FALSE),IF(N9&"_"&O9&"_"&P9&"_"&Q9="NULL_NULL_NULL_NULL","NULL","Not exist in ACTION Element Code Table")) -> NULL | AZ9: =IF(COUNTIF('ACTION Element Code Table'!$A:$A,U9&"_"&V9&"_"&W9&"_"&X9)=1,VLOOKUP(U9&"_"&V9&"_"&W9&"_"&X9,'ACTION Element Code Table'!$A:$C,3,FALSE),IF(U9&"_"&V9&"_"&W9&"_"&X9="NULL_NULL_NULL_NULL","NULL","Not exist in ACTION Element Code Table")) -> NULL | BA9: =IF(COUNTIF('ACTION Element Code Table'!$A:$A,AB9&"_"&AC9&"_"&AD9&"_"&AE9)=1,VLOOKUP(AB9&"_"&AC9&"_"&AD9&"_"&AE9,'ACTION Element Code Table'!$A:$C,3,FALSE),IF(AB9&"_"&AC9&"_"&AD9&"_"&AE9="NULL_NULL_NULL_NULL","NULL","Not exist in ACTION Element Code Table")) -> NULL | BB9: =IF(COUNTIF('ACTION Element Code Table'!$A:$A,AI9&"_"&AJ9&"_"&AK9&"_"&AL9)=1,VLOOKUP(AI9&"_"&AJ9&"_"&AK9&"_"&AL9,'ACTION Element Code Table'!$A:$C,3,FALSE),IF(AI9&"_"&AJ9&"_"&AK9&"_"&AL9="NULL_NULL_NULL_NULL","NULL","Not exist in ACTION Element Code Table")) -> NULL | BC9: =D9&E9&G9&H9&I9&J9&F9 -> STRWLSTRUBR | BD9: =D9&E9&N9&O9&P9&Q9&F9 -> NULLNULLNULLNULL | BE9: =D9&E9&U9&V9&W9&X9&F9 -> NULLNULLNULLNULL | BF9: =D9&E9&AB9&AC9&AD9&AE9&F9 -> NULLNULLNULLNULL | BG9: =D9&E9&AI9&AJ9&AK9&AL9&F9 -> NULLNULLNULLNULL | BH9: =IF(COUNTIF($BB:$BF,BC9)>1,"Duplicated","") | BM9: Brick Wall | BN9: Brick Wall
G10: STR | H10: CANO | I10: NULL | J10: NULL | K10: NULL | L10: NULL | M10: NULL | N10: NULL | O10: NULL | P10: NULL | Q10: NULL | R10: NULL | S10: NULL | T10: NULL | U10: NULL | V10: NULL | W10: NULL | X10: NULL | Y10: NULL | Z10: NULL | AA10: NULL | AB10: NULL | AC10: NULL | AD10: NULL | AE10: NULL | AF10: NULL | AG10: NULL | AH10: NULL | AI10: NULL | AJ10: NULL | AK10: NULL | AL10: NULL | AM10: NULL | AN10: NULL | AO10: NULL | AP10: NULL | AQ10: NULL | AR10: NULL | AS10: NULL | AT10: NULL | AU10: NULL | AV10: NULL | AW10: NULL | AX10: =IF(COUNTIF('ACTION Element Code Table'!$A:$A,G10&"_"&H10&"_"&I10&"_"&J10)=1,VLOOKUP(G10&"_"&H10&"_"&I10&"_"&J10,'ACTION Element Code Table'!$A:$C,3,FALSE),IF(G10&"_"&H10&"_"&I10&"_"&J10="NULL_NULL_NULL_NULL","NULL","Not exist in ACTION Element Code Table")) -> CANOPY | AY10: =IF(COUNTIF('ACTION Element Code Table'!$A:$A,N10&"_"&O10&"_"&P10&"_"&Q10)=1,VLOOKUP(N10&"_"&O10&"_"&P10&"_"&Q10,'ACTION Element Code Table'!$A:$C,3,FALSE),IF(N10&"_"&O10&"_"&P10&"_"&Q10="NULL_NULL_NULL_NULL","NULL","Not exist in ACTION Element Code Table")) -> NULL | AZ10: =IF(COUNTIF('ACTION Element Code Table'!$A:$A,U10&"_"&V10&"_"&W10&"_"&X10)=1,VLOOKUP(U10&"_"&V10&"_"&W10&"_"&X10,'ACTION Element Code Table'!$A:$C,3,FALSE),IF(U10&"_"&V10&"_"&W10&"_"&X10="NULL_NULL_NULL_NULL","NULL","Not exist in ACTION Element Code Table")) -> NULL | BA10: =IF(COUNTIF('ACTION Element Code Table'!$A:$A,AB10&"_"&AC10&"_"&AD10&"_"&AE10)=1,VLOOKUP(AB10&"_"&AC10&"_"&AD10&"_"&AE10,'ACTION Element Code Table'!$A:$C,3,FALSE),IF(AB10&"_"&AC10&"_"&AD10&"_"&AE10="NULL_NULL_NULL_NULL","NULL","Not exist in ACTION Element Code Table")) -> NULL | BB10: =IF(COUNTIF('ACTION Element Code Table'!$A:$A,AI10&"_"&AJ10&"_"&AK10&"_"&AL10)=1,VLOOKUP(AI10&"_"&AJ10&"_"&AK10&"_"&AL10,'ACTION Element Code Table'!$A:$C,3,FALSE),IF(AI10&"_"&AJ10&"_"&AK10&"_"&AL10="NULL_NULL_NULL_NULL","NULL","Not exist in ACTION Element Code Table")) -> NULL | BC10: =D10&E10&G10&H10&I10&J10&F10 -> STRCANONULLNULL | BD10: =D10&E10&N10&O10&P10&Q10&F10 -> NULLNULLNULLNULL | BE10: =D10&E10&U10&V10&W10&X10&F10 -> NULLNULLNULLNULL | BF10: =D10&E10&AB10&AC10&AD10&AE10&F10 -> NULLNULLNULLNULL | BG10: =D10&E10&AI10&AJ10&AK10&AL10&F10 -> NULLNULLNULLNULL | BH10: =IF(COUNTIF($BB:$BF,BC10)>1,"Duplicated","") | BI10: =IF(COUNTIF($BB:$BF,BD10)>1,"Duplicated","") -> Duplicated | BJ10: =IF(COUNTIF($BB:$BF,BE10)>1,"Duplicated","") -> Duplicated | BK10: =IF(COUNTIF($BB:$BF,BF10)>1,"Duplicated","") -> Duplicated | BL10: =IF(COUNTIF($BB:$BF,BG10)>1,"Duplicated","") -> Duplicated | BM10: Canopy | BN10: Canopy
G11: STR | H11: LAD | I11: NULL | J11: NULL | K11: NULL | L11: NULL | M11: NULL | N11: NULL | O11: NULL | P11: NULL | Q11: NULL | R11: NULL | S11: NULL | T11: NULL | U11: NULL | V11: NULL | W11: NULL | X11: NULL | Y11: NULL | Z11: NULL | AA11: NULL | AB11: NULL | AC11: NULL | AD11: NULL | AE11: NULL | AF11: NULL | AG11: NULL | AH11: NULL | AI11: NULL | AJ11: NULL | AK11: NULL | AL11: NULL | AM11: NULL | AN11: NULL | AO11: NULL | AP11: NULL | AQ11: NULL | AR11: NULL | AS11: NULL | AT11: NULL | AU11: NULL | AV11: NULL | AW11: NULL | AX11: =IF(COUNTIF('ACTION Element Code Table'!$A:$A,G11&"_"&H11&"_"&I11&"_"&J11)=1,VLOOKUP(G11&"_"&H11&"_"&I11&"_"&J11,'ACTION Element Code Table'!$A:$C,3,FALSE),IF(G11&"_"&H11&"_"&I11&"_"&J11="NULL_NULL_NULL_NULL","NULL","Not exist in ACTION Element Code Table")) -> LADDER | AY11: =IF(COUNTIF('ACTION Element Code Table'!$A:$A,N11&"_"&O11&"_"&P11&"_"&Q11)=1,VLOOKUP(N11&"_"&O11&"_"&P11&"_"&Q11,'ACTION Element Code Table'!$A:$C,3,FALSE),IF(N11&"_"&O11&"_"&P11&"_"&Q11="NULL_NULL_NULL_NULL","NULL","Not exist in ACTION Element Code Table")) -> NULL | AZ11: =IF(COUNTIF('ACTION Element Code Table'!$A:$A,U11&"_"&V11&"_"&W11&"_"&X11)=1,VLOOKUP(U11&"_"&V11&"_"&W11&"_"&X11,'ACTION Element Code Table'!$A:$C,3,FALSE),IF(U11&"_"&V11&"_"&W11&"_"&X11="NULL_NULL_NULL_NULL","NULL","Not exist in ACTION Element Code Table")) -> NULL | BA11: =IF(COUNTIF('ACTION Element Code Table'!$A:$A,AB11&"_"&AC11&"_"&AD11&"_"&AE11)=1,VLOOKUP(AB11&"_"&AC11&"_"&AD11&"_"&AE11,'ACTION Element Code Table'!$A:$C,3,FALSE),IF(AB11&"_"&AC11&"_"&AD11&"_"&AE11="NULL_NULL_NULL_NULL","NULL","Not exist in ACTION Element Code Table")) -> NULL | BB11: =IF(COUNTIF('ACTION Element Code Table'!$A:$A,AI11&"_"&AJ11&"_"&AK11&"_"&AL11)=1,VLOOKUP(AI11&"_"&AJ11&"_"&AK11&"_"&AL11,'ACTION Element Code Table'!$A:$C,3,FALSE),IF(AI11&"_"&AJ11&"_"&AK11&"_"&AL11="NULL_NULL_NULL_NULL","NULL","Not exist in ACTION Element Code Table")) -> NULL | BC11: =D11&E11&G11&H11&I11&J11&F11 -> STRLADNULLNULL | BD11: =D11&E11&N11&O11&P11&Q11&F11 -> NULLNULLNULLNULL | BE11: =D11&E11&U11&V11&W11&X11&F11 -> NULLNULLNULLNULL | BF11: =D11&E11&AB11&AC11&AD11&AE11&F11 -> NULLNULLNULLNULL | BG11: =D11&E11&AI11&AJ11&AK11&AL11&F11 -> NULLNULLNULLNULL | BH11: =IF(COUNTIF($BB:$BF,BC11)>1,"Duplicated","") | BM11: Cat Ladder | BN11: Fixture
G12: FF | H12: WLCUR | I12: FRM | J12: NULL | K12: NULL | L12: NULL | M12: NULL | N12: NULL | O12: NULL | P12: NULL | Q12: NULL | R12: NULL | S12: NULL | T12: NULL | U12: NULL | V12: NULL | W12: NULL | X12: NULL | Y12: NULL | Z12: NULL | AA12: NULL | AB12: NULL | AC12: NULL | AD12: NULL | AE12: NULL | AF12: NULL | AG12: NULL | AH12: NULL | AI12: NULL | AJ12: NULL | AK12: NULL | AL12: NULL | AM12: NULL | AN12: NULL | AO12: NULL | AP12: NULL | AQ12: NULL | AR12: NULL | AS12: NULL | AT12: NULL | AU12: NULL | AV12: NULL | AW12: NULL | AX12: =IF(COUNTIF('ACTION Element Code Table'!$A:$A,G12&"_"&H12&"_"&I12&"_"&J12)=1,VLOOKUP(G12&"_"&H12&"_"&I12&"_"&J12,'ACTION Element Code Table'!$A:$C,3,FALSE),IF(G12&"_"&H12&"_"&I12&"_"&J12="NULL_NULL_NULL_NULL","NULL","Not exist in ACTION Element Code Table")) -> FRAME OF CURTAIN WALLING | AY12: =IF(COUNTIF('ACTION Element Code Table'!$A:$A,N12&"_"&O12&"_"&P12&"_"&Q12)=1,VLOOKUP(N12&"_"&O12&"_"&P12&"_"&Q12,'ACTION Element Code Table'!$A:$C,3,FALSE),IF(N12&"_"&O12&"_"&P12&"_"&Q12="NULL_NULL_NULL_NULL","NULL","Not exist in ACTION Element Code Table")) -> NULL | AZ12: =IF(COUNTIF('ACTION Element Code Table'!$A:$A,U12&"_"&V12&"_"&W12&"_"&X12)=1,VLOOKUP(U12&"_"&V12&"_"&W12&"_"&X12,'ACTION Element Code Table'!$A:$C,3,FALSE),IF(U12&"_"&V12&"_"&W12&"_"&X12="NULL_NULL_NULL_NULL","NULL","Not exist in ACTION Element Code Table")) -> NULL | BA12: =IF(COUNTIF('ACTION Element Code Table'!$A:$A,AB12&"_"&AC12&"_"&AD12&"_"&AE12)=1,VLOOKUP(AB12&"_"&AC12&"_"&AD12&"_"&AE12,'ACTION Element Code Table'!$A:$C,3,FALSE),IF(AB12&"_"&AC12&"_"&AD12&"_"&AE12="NULL_NULL_NULL_NULL","NULL","Not exist in ACTION Element Code Table")) -> NULL | BB12: =IF(COUNTIF('ACTION Element Code Table'!$A:$A,AI12&"_"&AJ12&"_"&AK12&"_"&AL12)=1,VLOOKUP(AI12&"_"&AJ12&"_"&AK12&"_"&AL12,'ACTION Element Code Table'!$A:$C,3,FALSE),IF(AI12&"_"&AJ12&"_"&AK12&"_"&AL12="NULL_NULL_NULL_NULL","NULL","Not exist in ACTION Element Code Table")) -> NULL | BC12: =D12&E12&G12&H12&I12&J12&F12 -> FFWLCURFRMNULL | BD12: =D12&E12&N12&O12&P12&Q12&F12 -> NULLNULLNULLNULL | BE12: =D12&E12&U12&V12&W12&X12&F12 -> NULLNULLNULLNULL | BF12: =D12&E12&AB12&AC12&AD12&AE12&F12 -> NULLNULLNULLNULL | BG12: =D12&E12&AI12&AJ12&AK12&AL12&F12 -> NULLNULLNULLNULL | BH12: =IF(COUNTIF($BB:$BF,BC12)>1,"Duplicated","") | BI12: =IF(COUNTIF($BB:$BF,BD12)>1,"Duplicated","") -> Duplicated | BJ12: =IF(COUNTIF($BB:$BF,BE12)>1,"Duplicated","") -> Duplicated | BK12: =IF(COUNTIF($BB:$BF,BF12)>1,"Duplicated","") -> Duplicated | BL12: =IF(COUNTIF($BB:$BF,BG12)>1,"Duplicated","") -> Duplicated | BM12: Cladding | BN12: Curtain Wall
G13: FF | H13: DR | I13: STRU | J13: OTH | K13: NULL | L13: NULL | M13: Access Panel | N13: NULL | O13: NULL | P13: NULL | Q13: NULL | R13: NULL | S13: NULL | T13: NULL | U13: NULL | V13: NULL | W13: NULL | X13: NULL | Y13: NULL | Z13: NULL | AA13: NULL | AB13: NULL | AC13: NULL | AD13: NULL | AE13: NULL | AF13: NULL | AG13: NULL | AH13: NULL | AI13: NULL | AJ13: NULL | AK13: NULL | AL13: NULL | AM13: NULL | AN13: NULL | AO13: NULL | AP13: NULL | AQ13: NULL | AR13: NULL | AS13: NULL | AT13: NULL | AU13: NULL | AV13: NULL | AW13: NULL | AX13: =IF(COUNTIF('ACTION Element Code Table'!$A:$A,G13&"_"&H13&"_"&I13&"_"&J13)=1,VLOOKUP(G13&"_"&H13&"_"&I13&"_"&J13,'ACTION Element Code Table'!$A:$C,3,FALSE),IF(G13&"_"&H13&"_"&I13&"_"&J13="NULL_NULL_NULL_NULL","NULL","Not exist in ACTION Element Code Table")) -> DOOR (SEE REMARKS) | AY13: =IF(COUNTIF('ACTION Element Code Table'!$A:$A,N13&"_"&O13&"_"&P13&"_"&Q13)=1,VLOOKUP(N13&"_"&O13&"_"&P13&"_"&Q13,'ACTION Element Code Table'!$A:$C,3,FALSE),IF(N13&"_"&O13&"_"&P13&"_"&Q13="NULL_NULL_NULL_NULL","NULL","Not exist in ACTION Element Code Table")) -> NULL | AZ13: =IF(COUNTIF('ACTION Element Code Table'!$A:$A,U13&"_"&V13&"_"&W13&"_"&X13)=1,VLOOKUP(U13&"_"&V13&"_"&W13&"_"&X13,'ACTION Element Code Table'!$A:$C,3,FALSE),IF(U13&"_"&V13&"_"&W13&"_"&X13="NULL_NULL_NULL_NULL","NULL","Not exist in ACTION Element Code Table")) -> NULL | BA13: =IF(COUNTIF('ACTION Element Code Table'!$A:$A,AB13&"_"&AC13&"_"&AD13&"_"&AE13)=1,VLOOKUP(AB13&"_"&AC13&"_"&AD13&"_"&AE13,'ACTION Element Code Table'!$A:$C,3,FALSE),IF(AB13&"_"&AC13&"_"&AD13&"_"&AE13="NULL_NULL_NULL_NULL","NULL","Not exist in ACTION Element Code Table")) -> NULL | BB13: =IF(COUNTIF('ACTION Element Code Table'!$A:$A,AI13&"_"&AJ13&"_"&AK13&"_"&AL13)=1,VLOOKUP(AI13&"_"&AJ13&"_"&AK13&"_"&AL13,'ACTION Element Code Table'!$A:$C,3,FALSE),IF(AI13&"_"&AJ13&"_"&AK13&"_"&AL13="NULL_NULL_NULL_NULL","NULL","Not exist in ACTION Element Code Table")) -> NULL | BC13: =D13&E13&G13&H13&I13&J13&F13 -> FFDRSTRUOTH | BD13: =D13&E13&N13&O13&P13&Q13&F13 -> NULLNULLNULLNULL | BE13: =D13&E13&U13&V13&W13&X13&F13 -> NULLNULLNULLNULL | BF13: =D13&E13&AB13&AC13&AD13&AE13&F13 -> NULLNULLNULLNULL | BG13: =D13&E13&AI13&AJ13&AK13&AL13&F13 -> NULLNULLNULLNULL | BH13: =IF(COUNTIF($BB:$BF,BC13)>1,"Duplicated","") -> Duplicated | BI13: =IF(COUNTIF($BB:$BF,BD13)>1,"Duplicated","") -> Duplicated | BJ13: =IF(COUNTIF($BB:$BF,BE13)>1,"Duplicated","") -> Duplicated | BK13: =IF(COUNTIF($BB:$BF,BF13)>1,"Duplicated","") -> Duplicated | BL13: =IF(COUNTIF($BB:$BF,BG13)>1,"Duplicated","") -> Duplicated | BM13: Access Panel
G14: FF | H14: DR | I14: STRU | J14: OTH | K14: NULL | L14: NULL | M14: Double Equal Door | N14: NULL | O14: NULL | P14: NULL | Q14: NULL | R14: NULL | S14: NULL | T14: NULL | U14: NULL | V14: NULL | W14: NULL | X14: NULL | Y14: NULL | Z14: NULL | AA14: NULL | AB14: NULL | AC14: NULL | AD14: NULL | AE14: NULL | AF14: NULL | AG14: NULL | AH14: NULL | AI14: NULL | AJ14: NULL | AK14: NULL | AL14: NULL | AM14: NULL | AN14: NULL | AO14: NULL | AP14: NULL | AQ14: NULL | AR14: NULL | AS14: NULL | AT14: NULL | AU14: NULL | AV14: NULL | AW14: NULL | AX14: =IF(COUNTIF('ACTION Element Code Table'!$A:$A,G14&"_"&H14&"_"&I14&"_"&J14)=1,VLOOKUP(G14&"_"&H14&"_"&I14&"_"&J14,'ACTION Element Code Table'!$A:$C,3,FALSE),IF(G14&"_"&H14&"_"&I14&"_"&J14="NULL_NULL_NULL_NULL","NULL","Not exist in ACTION Element Code Table")) -> DOOR (SEE REMARKS) | AY14: =IF(COUNTIF('ACTION Element Code Table'!$A:$A,N14&"_"&O14&"_"&P14&"_"&Q14)=1,VLOOKUP(N14&"_"&O14&"_"&P14&"_"&Q14,'ACTION Element Code Table'!$A:$C,3,FALSE),IF(N14&"_"&O14&"_"&P14&"_"&Q14="NULL_NULL_NULL_NULL","NULL","Not exist in ACTION Element Code Table")) -> NULL | AZ14: =IF(COUNTIF('ACTION Element Code Table'!$A:$A,U14&"_"&V14&"_"&W14&"_"&X14)=1,VLOOKUP(U14&"_"&V14&"_"&W14&"_"&X14,'ACTION Element Code Table'!$A:$C,3,FALSE),IF(U14&"_"&V14&"_"&W14&"_"&X14="NULL_NULL_NULL_NULL","NULL","Not exist in ACTION Element Code Table")) -> NULL | BA14: =IF(COUNTIF('ACTION Element Code Table'!$A:$A,AB14&"_"&AC14&"_"&AD14&"_"&AE14)=1,VLOOKUP(AB14&"_"&AC14&"_"&AD14&"_"&AE14,'ACTION Element Code Table'!$A:$C,3,FALSE),IF(AB14&"_"&AC14&"_"&AD14&"_"&AE14="NULL_NULL_NULL_NULL","NULL","Not exist in ACTION Element Code Table")) -> NULL | BB14: =IF(COUNTIF('ACTION Element Code Table'!$A:$A,AI14&"_"&AJ14&"_"&AK14&"_"&AL14)=1,VLOOKUP(AI14&"_"&AJ14&"_"&AK14&"_"&AL14,'ACTION Element Code Table'!$A:$C,3,FALSE),IF(AI14&"_"&AJ14&"_"&AK14&"_"&AL14="NULL_NULL_NULL_NULL","NULL","Not exist in ACTION Element Code Table")) -> NULL | BC14: =D14&E14&G14&H14&I14&J14&F14 -> FFDRSTRUOTH | BD14: =D14&E14&N14&O14&P14&Q14&F14 -> NULLNULLNULLNULL | BE14: =D14&E14&U14&V14&W14&X14&F14 -> NULLNULLNULLNULL | BF14: =D14&E14&AB14&AC14&AD14&AE14&F14 -> NULLNULLNULLNULL | BG14: =D14&E14&AI14&AJ14&AK14&AL14&F14 -> NULLNULLNULLNULL | BH14: =IF(COUNTIF($BB:$BF,BC14)>1,"Duplicated","") -> Duplicated | BI14: =IF(COUNTIF($BB:$BF,BD14)>1,"Duplicated","") -> Duplicated | BJ14: =IF(COUNTIF($BB:$BF,BE14)>1,"Duplicated","") -> Duplicated | BK14: =IF(COUNTIF($BB:$BF,BF14)>1,"Duplicated","") -> Duplicated | BL14: =IF(COUNTIF($BB:$BF,BG14)>1,"Duplicated","") -> Duplicated | BM14: Double Equal Door
G15: FF | H15: DR | I15: STRU | J15: OTH | K15: NULL | L15: NULL | M15: Double Uneqaul Door | N15: NULL | O15: NULL | P15: NULL | Q15: NULL | R15: NULL | S15: NULL | T15: NULL | U15: NULL | V15: NULL | W15: NULL | X15: NULL | Y15: NULL | Z15: NULL | AA15: NULL | AB15: NULL | AC15: NULL | AD15: NULL | AE15: NULL | AF15: NULL | AG15: NULL | AH15: NULL | AI15: NULL | AJ15: NULL | AK15: NULL | AL15: NULL | AM15: NULL | AN15: NULL | AO15: NULL | AP15: NULL | AQ15: NULL | AR15: NULL | AS15: NULL | AT15: NULL | AU15: NULL | AV15: NULL | AW15: NULL | AX15: =IF(COUNTIF('ACTION Element Code Table'!$A:$A,G15&"_"&H15&"_"&I15&"_"&J15)=1,VLOOKUP(G15&"_"&H15&"_"&I15&"_"&J15,'ACTION Element Code Table'!$A:$C,3,FALSE),IF(G15&"_"&H15&"_"&I15&"_"&J15="NULL_NULL_NULL_NULL","NULL","Not exist in ACTION Element Code Table")) -> DOOR (SEE REMARKS) | AY15: =IF(COUNTIF('ACTION Element Code Table'!$A:$A,N15&"_"&O15&"_"&P15&"_"&Q15)=1,VLOOKUP(N15&"_"&O15&"_"&P15&"_"&Q15,'ACTION Element Code Table'!$A:$C,3,FALSE),IF(N15&"_"&O15&"_"&P15&"_"&Q15="NULL_NULL_NULL_NULL","NULL","Not exist in ACTION Element Code Table")) -> NULL | AZ15: =IF(COUNTIF('ACTION Element Code Table'!$A:$A,U15&"_"&V15&"_"&W15&"_"&X15)=1,VLOOKUP(U15&"_"&V15&"_"&W15&"_"&X15,'ACTION Element Code Table'!$A:$C,3,FALSE),IF(U15&"_"&V15&"_"&W15&"_"&X15="NULL_NULL_NULL_NULL","NULL","Not exist in ACTION Element Code Table")) -> NULL | BA15: =IF(COUNTIF('ACTION Element Code Table'!$A:$A,AB15&"_"&AC15&"_"&AD15&"_"&AE15)=1,VLOOKUP(AB15&"_"&AC15&"_"&AD15&"_"&AE15,'ACTION Element Code Table'!$A:$C,3,FALSE),IF(AB15&"_"&AC15&"_"&AD15&"_"&AE15="NULL_NULL_NULL_NULL","NULL","Not exist in ACTION Element Code Table")) -> NULL | BB15: =IF(COUNTIF('ACTION Element Code Table'!$A:$A,AI15&"_"&AJ15&"_"&AK15&"_"&AL15)=1,VLOOKUP(AI15&"_"&AJ15&"_"&AK15&"_"&AL15,'ACTION Element Code Table'!$A:$C,3,FALSE),IF(AI15&"_"&AJ15&"_"&AK15&"_"&AL15="NULL_NULL_NULL_NULL","NULL","Not exist in ACTION Element Code Table")) -> NULL | BC15: =D15&E15&G15&H15&I15&J15&F15 -> FFDRSTRUOTH | BD15: =D15&E15&N15&O15&P15&Q15&F15 -> NULLNULLNULLNULL | BE15: =D15&E15&U15&V15&W15&X15&F15 -> NULLNULLNULLNULL | BF15: =D15&E15&AB15&AC15&AD15&AE15&F15 -> NULLNULLNULLNULL | BG15: =D15&E15&AI15&AJ15&AK15&AL15&F15 -> NULLNULLNULLNULL | BH15: =IF(COUNTIF($BB:$BF,BC15)>1,"Duplicated","") -> Duplicated | BI15: =IF(COUNTIF($BB:$BF,BD15)>1,"Duplicated","") -> Duplicated | BJ15: =IF(COUNTIF($BB:$BF,BE15)>1,"Duplicated","") -> Duplicated | BK15: =IF(COUNTIF($BB:$BF,BF15)>1,"Duplicated","") -> Duplicated | BL15: =IF(COUNTIF($BB:$BF,BG15)>1,"Duplicated","") -> Duplicated | BM15: Double Uneqaul Door
G16: FF | H16: DR | I16: STRU | J16: OTH | K16: NULL | L16: NULL | M16: Emergency door | N16: NULL | O16: NULL | P16: NULL | Q16: NULL | R16: NULL | S16: NULL | T16: NULL | U16: NULL | V16: NULL | W16: NULL | X16: NULL | Y16: NULL | Z16: NULL | AA16: NULL | AB16: NULL | AC16: NULL | AD16: NULL | AE16: NULL | AF16: NULL | AG16: NULL | AH16: NULL | AI16: NULL | AJ16: NULL | AK16: NULL | AL16: NULL | AM16: NULL | AN16: NULL | AO16: NULL | AP16: NULL | AQ16: NULL | AR16: NULL | AS16: NULL | AT16: NULL | AU16: NULL | AV16: NULL | AW16: NULL | AX16: =IF(COUNTIF('ACTION Element Code Table'!$A:$A,G16&"_"&H16&"_"&I16&"_"&J16)=1,VLOOKUP(G16&"_"&H16&"_"&I16&"_"&J16,'ACTION Element Code Table'!$A:$C,3,FALSE),IF(G16&"_"&H16&"_"&I16&"_"&J16="NULL_NULL_NULL_NULL","NULL","Not exist in ACTION Element Code Table")) -> DOOR (SEE REMARKS) | AY16: =IF(COUNTIF('ACTION Element Code Table'!$A:$A,N16&"_"&O16&"_"&P16&"_"&Q16)=1,VLOOKUP(N16&"_"&O16&"_"&P16&"_"&Q16,'ACTION Element Code Table'!$A:$C,3,FALSE),IF(N16&"_"&O16&"_"&P16&"_"&Q16="NULL_NULL_NULL_NULL","NULL","Not exist in ACTION Element Code Table")) -> NULL | AZ16: =IF(COUNTIF('ACTION Element Code Table'!$A:$A,U16&"_"&V16&"_"&W16&"_"&X16)=1,VLOOKUP(U16&"_"&V16&"_"&W16&"_"&X16,'ACTION Element Code Table'!$A:$C,3,FALSE),IF(U16&"_"&V16&"_"&W16&"_"&X16="NULL_NULL_NULL_NULL","NULL","Not exist in ACTION Element Code Table")) -> NULL | BA16: =IF(COUNTIF('ACTION Element Code Table'!$A:$A,AB16&"_"&AC16&"_"&AD16&"_"&AE16)=1,VLOOKUP(AB16&"_"&AC16&"_"&AD16&"_"&AE16,'ACTION Element Code Table'!$A:$C,3,FALSE),IF(AB16&"_"&AC16&"_"&AD16&"_"&AE16="NULL_NULL_NULL_NULL","NULL","Not exist in ACTION Element Code Table")) -> NULL | BB16: =IF(COUNTIF('ACTION Element Code Table'!$A:$A,AI16&"_"&AJ16&"_"&AK16&"_"&AL16)=1,VLOOKUP(AI16&"_"&AJ16&"_"&AK16&"_"&AL16,'ACTION Element Code Table'!$A:$C,3,FALSE),IF(AI16&"_"&AJ16&"_"&AK16&"_"&AL16="NULL_NULL_NULL_NULL","NULL","Not exist in ACTION Element Code Table")) -> NULL | BC16: =D16&E16&G16&H16&I16&J16&F16 -> FFDRSTRUOTH | BD16: =D16&E16&N16&O16&P16&Q16&F16 -> NULLNULLNULLNULL | BE16: =D16&E16&U16&V16&W16&X16&F16 -> NULLNULLNULLNULL | BF16: =D16&E16&AB16&AC16&AD16&AE16&F16 -> NULLNULLNULLNULL | BG16: =D16&E16&AI16&AJ16&AK16&AL16&F16 -> NULLNULLNULLNULL | BH16: =IF(COUNTIF($BB:$BF,BC16)>1,"Duplicated","") -> Duplicated | BI16: =IF(COUNTIF($BB:$BF,BD16)>1,"Duplicated","") -> Duplicated | BJ16: =IF(COUNTIF($BB:$BF,BE16)>1,"Duplicated","") -> Duplicated | BK16: =IF(COUNTIF($BB:$BF,BF16)>1,"Duplicated","") -> Duplicated | BL16: =IF(COUNTIF($BB:$BF,BG16)>1,"Duplicated","") -> Duplicated | BM16: Emergency door
G17: FF | H17: DR | I17: STRU | J17: OTH | K17: NULL | L17: NULL | M17: HR Door | N17: NULL | O17: NULL | P17: NULL | Q17: NULL | R17: NULL | S17: NULL | T17: NULL | U17: NULL | V17: NULL | W17: NULL | X17: NULL | Y17: NULL | Z17: NULL | AA17: NULL | AB17: NULL | AC17: NULL | AD17: NULL | AE17: NULL | AF17: NULL | AG17: NULL | AH17: NULL | AI17: NULL | AJ17: NULL | AK17: NULL | AL17: NULL | AM17: NULL | AN17: NULL | AO17: NULL | AP17: NULL | AQ17: NULL | AR17: NULL | AS17: NULL | AT17: NULL | AU17: NULL | AV17: NULL | AW17: NULL | AX17: =IF(COUNTIF('ACTION Element Code Table'!$A:$A,G17&"_"&H17&"_"&I17&"_"&J17)=1,VLOOKUP(G17&"_"&H17&"_"&I17&"_"&J17,'ACTION Element Code Table'!$A:$C,3,FALSE),IF(G17&"_"&H17&"_"&I17&"_"&J17="NULL_NULL_NULL_NULL","NULL","Not exist in ACTION Element Code Table")) -> DOOR (SEE REMARKS) | AY17: =IF(COUNTIF('ACTION Element Code Table'!$A:$A,N17&"_"&O17&"_"&P17&"_"&Q17)=1,VLOOKUP(N17&"_"&O17&"_"&P17&"_"&Q17,'ACTION Element Code Table'!$A:$C,3,FALSE),IF(N17&"_"&O17&"_"&P17&"_"&Q17="NULL_NULL_NULL_NULL","NULL","Not exist in ACTION Element Code Table")) -> NULL | AZ17: =IF(COUNTIF('ACTION Element Code Table'!$A:$A,U17&"_"&V17&"_"&W17&"_"&X17)=1,VLOOKUP(U17&"_"&V17&"_"&W17&"_"&X17,'ACTION Element Code Table'!$A:$C,3,FALSE),IF(U17&"_"&V17&"_"&W17&"_"&X17="NULL_NULL_NULL_NULL","NULL","Not exist in ACTION Element Code Table")) -> NULL | BA17: =IF(COUNTIF('ACTION Element Code Table'!$A:$A,AB17&"_"&AC17&"_"&AD17&"_"&AE17)=1,VLOOKUP(AB17&"_"&AC17&"_"&AD17&"_"&AE17,'ACTION Element Code Table'!$A:$C,3,FALSE),IF(AB17&"_"&AC17&"_"&AD17&"_"&AE17="NULL_NULL_NULL_NULL","NULL","Not exist in ACTION Element Code Table")) -> NULL | BB17: =IF(COUNTIF('ACTION Element Code Table'!$A:$A,AI17&"_"&AJ17&"_"&AK17&"_"&AL17)=1,VLOOKUP(AI17&"_"&AJ17&"_"&AK17&"_"&AL17,'ACTION Element Code Table'!$A:$C,3,FALSE),IF(AI17&"_"&AJ17&"_"&AK17&"_"&AL17="NULL_NULL_NULL_NULL","NULL","Not exist in ACTION Element Code Table")) -> NULL | BC17: =D17&E17&G17&H17&I17&J17&F17 -> FFDRSTRUOTH | BD17: =D17&E17&N17&O17&P17&Q17&F17 -> NULLNULLNULLNULL | BE17: =D17&E17&U17&V17&W17&X17&F17 -> NULLNULLNULLNULL | BF17: =D17&E17&AB17&AC17&AD17&AE17&F17 -> NULLNULLNULLNULL | BG17: =D17&E17&AI17&AJ17&AK17&AL17&F17 -> NULLNULLNULLNULL | BH17: =IF(COUNTIF($BB:$BF,BC17)>1,"Duplicated","") -> Duplicated | BI17: =IF(COUNTIF($BB:$BF,BD17)>1,"Duplicated","") -> Duplicated | BJ17: =IF(COUNTIF($BB:$BF,BE17)>1,"Duplicated","") -> Duplicated | BK17: =IF(COUNTIF($BB:$BF,BF17)>1,"Duplicated","") -> Duplicated | BL17: =IF(COUNTIF($BB:$BF,BG17)>1,"Duplicated","") -> Duplicated | BM17: HR door
G18: FF | H18: DR | I18: STRU | J18: OTH | K18: NULL | L18: NULL | M18: Lift Door | N18: NULL | O18: NULL | P18: NULL | Q18: NULL | R18: NULL | S18: NULL | T18: NULL | U18: NULL | V18: NULL | W18: NULL | X18: NULL | Y18: NULL | Z18: NULL | AA18: NULL | AB18: NULL | AC18: NULL | AD18: NULL | AE18: NULL | AF18: NULL | AG18: NULL | AH18: NULL | AI18: NULL | AJ18: NULL | AK18: NULL | AL18: NULL | AM18: NULL | AN18: NULL | AO18: NULL | AP18: NULL | AQ18: NULL | AR18: NULL | AS18: NULL | AT18: NULL | AU18: NULL | AV18: NULL | AW18: NULL | AX18: =IF(COUNTIF('ACTION Element Code Table'!$A:$A,G18&"_"&H18&"_"&I18&"_"&J18)=1,VLOOKUP(G18&"_"&H18&"_"&I18&"_"&J18,'ACTION Element Code Table'!$A:$C,3,FALSE),IF(G18&"_"&H18&"_"&I18&"_"&J18="NULL_NULL_NULL_NULL","NULL","Not exist in ACTION Element Code Table")) -> DOOR (SEE REMARKS) | AY18: =IF(COUNTIF('ACTION Element Code Table'!$A:$A,N18&"_"&O18&"_"&P18&"_"&Q18)=1,VLOOKUP(N18&"_"&O18&"_"&P18&"_"&Q18,'ACTION Element Code Table'!$A:$C,3,FALSE),IF(N18&"_"&O18&"_"&P18&"_"&Q18="NULL_NULL_NULL_NULL","NULL","Not exist in ACTION Element Code Table")) -> NULL | AZ18: =IF(COUNTIF('ACTION Element Code Table'!$A:$A,U18&"_"&V18&"_"&W18&"_"&X18)=1,VLOOKUP(U18&"_"&V18&"_"&W18&"_"&X18,'ACTION Element Code Table'!$A:$C,3,FALSE),IF(U18&"_"&V18&"_"&W18&"_"&X18="NULL_NULL_NULL_NULL","NULL","Not exist in ACTION Element Code Table")) -> NULL | BA18: =IF(COUNTIF('ACTION Element Code Table'!$A:$A,AB18&"_"&AC18&"_"&AD18&"_"&AE18)=1,VLOOKUP(AB18&"_"&AC18&"_"&AD18&"_"&AE18,'ACTION Element Code Table'!$A:$C,3,FALSE),IF(AB18&"_"&AC18&"_"&AD18&"_"&AE18="NULL_NULL_NULL_NULL","NULL","Not exist in ACTION Element Code Table")) -> NULL | BB18: =IF(COUNTIF('ACTION Element Code Table'!$A:$A,AI18&"_"&AJ18&"_"&AK18&"_"&AL18)=1,VLOOKUP(AI18&"_"&AJ18&"_"&AK18&"_"&AL18,'ACTION Element Code Table'!$A:$C,3,FALSE),IF(AI18&"_"&AJ18&"_"&AK18&"_"&AL18="NULL_NULL_NULL_NULL","NULL","Not exist in ACTION Element Code Table")) -> NULL | BC18: =D18&E18&G18&H18&I18&J18&F18 -> FFDRSTRUOTH | BD18: =D18&E18&N18&O18&P18&Q18&F18 -> NULLNULLNULLNULL | BE18: =D18&E18&U18&V18&W18&X18&F18 -> NULLNULLNULLNULL | BF18: =D18&E18&AB18&AC18&AD18&AE18&F18 -> NULLNULLNULLNULL | BG18: =D18&E18&AI18&AJ18&AK18&AL18&F18 -> NULLNULLNULLNULL | BH18: =IF(COUNTIF($BB:$BF,BC18)>1,"Duplicated","") -> Duplicated | BI18: =IF(COUNTIF($BB:$BF,BD18)>1,"Duplicated","") -> Duplicated | BJ18: =IF(COUNTIF($BB:$BF,BE18)>1,"Duplicated","") -> Duplicated | BK18: =IF(COUNTIF($BB:$BF,BF18)>1,"Duplicated","") -> Duplicated | BL18: =IF(COUNTIF($BB:$BF,BG18)>1,"Duplicated","") -> Duplicated | BM18: Lift Door
G19: FF | H19: FFOT | I19: NULL | J19: NULL | K19: NULL | L19: NULL | M19: NULL | N19: NULL | O19: NULL | P19: NULL | Q19: NULL | R19: NULL | S19: NULL | T19: NULL | U19: NULL | V19: NULL | W19: NULL | X19: NULL | Y19: NULL | Z19: NULL | AA19: NULL | AB19: NULL | AC19: NULL | AD19: NULL | AE19: NULL | AF19: NULL | AG19: NULL | AH19: NULL | AI19: NULL | AJ19: NULL | AK19: NULL | AL19: NULL | AM19: NULL | AN19: NULL | AO19: NULL | AP19: NULL | AQ19: NULL | AR19: NULL | AS19: NULL | AT19: NULL | AU19: NULL | AV19: NULL | AW19: NULL | AX19: =IF(COUNTIF('ACTION Element Code Table'!$A:$A,G19&"_"&H19&"_"&I19&"_"&J19)=1,VLOOKUP(G19&"_"&H19&"_"&I19&"_"&J19,'ACTION Element Code Table'!$A:$C,3,FALSE),IF(G19&"_"&H19&"_"&I19&"_"&J19="NULL_NULL_NULL_NULL","NULL","Not exist in ACTION Element Code Table")) -> OTHER FIXTURES & FITTING | AY19: =IF(COUNTIF('ACTION Element Code Table'!$A:$A,N19&"_"&O19&"_"&P19&"_"&Q19)=1,VLOOKUP(N19&"_"&O19&"_"&P19&"_"&Q19,'ACTION Element Code Table'!$A:$C,3,FALSE),IF(N19&"_"&O19&"_"&P19&"_"&Q19="NULL_NULL_NULL_NULL","NULL","Not exist in ACTION Element Code Table")) -> NULL | AZ19: =IF(COUNTIF('ACTION Element Code Table'!$A:$A,U19&"_"&V19&"_"&W19&"_"&X19)=1,VLOOKUP(U19&"_"&V19&"_"&W19&"_"&X19,'ACTION Element Code Table'!$A:$C,3,FALSE),IF(U19&"_"&V19&"_"&W19&"_"&X19="NULL_NULL_NULL_NULL","NULL","Not exist in ACTION Element Code Table")) -> NULL | BA19: =IF(COUNTIF('ACTION Element Code Table'!$A:$A,AB19&"_"&AC19&"_"&AD19&"_"&AE19)=1,VLOOKUP(AB19&"_"&AC19&"_"&AD19&"_"&AE19,'ACTION Element Code Table'!$A:$C,3,FALSE),IF(AB19&"_"&AC19&"_"&AD19&"_"&AE19="NULL_NULL_NULL_NULL","NULL","Not exist in ACTION Element Code Table")) -> NULL | BB19: =IF(COUNTIF('ACTION Element Code Table'!$A:$A,AI19&"_"&AJ19&"_"&AK19&"_"&AL19)=1,VLOOKUP(AI19&"_"&AJ19&"_"&AK19&"_"&AL19,'ACTION Element Code Table'!$A:$C,3,FALSE),IF(AI19&"_"&AJ19&"_"&AK19&"_"&AL19="NULL_NULL_NULL_NULL","NULL","Not exist in ACTION Element Code Table")) -> NULL | BC19: =D19&E19&G19&H19&I19&J19&F19 -> FFFFOTNULLNULL | BD19: =D19&E19&N19&O19&P19&Q19&F19 -> NULLNULLNULLNULL | BE19: =D19&E19&U19&V19&W19&X19&F19 -> NULLNULLNULLNULL | BF19: =D19&E19&AB19&AC19&AD19&AE19&F19 -> NULLNULLNULLNULL | BG19: =D19&E19&AI19&AJ19&AK19&AL19&F19 -> NULLNULLNULLNULL | BH19: =IF(COUNTIF($BB:$BF,BC19)>1,"Duplicated","") -> Duplicated | BI19: =IF(COUNTIF($BB:$BF,BD19)>1,"Duplicated","") -> Duplicated | BJ19: =IF(COUNTIF($BB:$BF,BE19)>1,"Duplicated","") -> Duplicated | BK19: =IF(COUNTIF($BB:$BF,BF19)>1,"Duplicated","") -> Duplicated | BL19: =IF(COUNTIF($BB:$BF,BG19)>1,"Duplicated","") -> Duplicated | BM19: Corner Guard | BN19: Fixture
G20: FF | H20: WIN | I20: POIN | J20: OTH | K20: NULL | L20: NULL | M20: Louvre | N20: NULL | O20: NULL | P20: NULL | Q20: NULL | R20: NULL | S20: NULL | T20: NULL | U20: NULL | V20: NULL | W20: NULL | X20: NULL | Y20: NULL | Z20: NULL | AA20: NULL | AB20: NULL | AC20: NULL | AD20: NULL | AE20: NULL | AF20: NULL | AG20: NULL | AH20: NULL | AI20: NULL | AJ20: NULL | AK20: NULL | AL20: NULL | AM20: NULL | AN20: NULL | AO20: NULL | AP20: NULL | AQ20: NULL | AR20: NULL | AS20: NULL | AT20: NULL | AU20: NULL | AV20: NULL | AW20: NULL | AX20: =IF(COUNTIF('ACTION Element Code Table'!$A:$A,G20&"_"&H20&"_"&I20&"_"&J20)=1,VLOOKUP(G20&"_"&H20&"_"&I20&"_"&J20,'ACTION Element Code Table'!$A:$C,3,FALSE),IF(G20&"_"&H20&"_"&I20&"_"&J20="NULL_NULL_NULL_NULL","NULL","Not exist in ACTION Element Code Table")) -> POINTING OF WINDOW (SEE REMARK) | AY20: =IF(COUNTIF('ACTION Element Code Table'!$A:$A,N20&"_"&O20&"_"&P20&"_"&Q20)=1,VLOOKUP(N20&"_"&O20&"_"&P20&"_"&Q20,'ACTION Element Code Table'!$A:$C,3,FALSE),IF(N20&"_"&O20&"_"&P20&"_"&Q20="NULL_NULL_NULL_NULL","NULL","Not exist in ACTION Element Code Table")) -> NULL | AZ20: =IF(COUNTIF('ACTION Element Code Table'!$A:$A,U20&"_"&V20&"_"&W20&"_"&X20)=1,VLOOKUP(U20&"_"&V20&"_"&W20&"_"&X20,'ACTION Element Code Table'!$A:$C,3,FALSE),IF(U20&"_"&V20&"_"&W20&"_"&X20="NULL_NULL_NULL_NULL","NULL","Not exist in ACTION Element Code Table")) -> NULL | BA20: =IF(COUNTIF('ACTION Element Code Table'!$A:$A,AB20&"_"&AC20&"_"&AD20&"_"&AE20)=1,VLOOKUP(AB20&"_"&AC20&"_"&AD20&"_"&AE20,'ACTION Element Code Table'!$A:$C,3,FALSE),IF(AB20&"_"&AC20&"_"&AD20&"_"&AE20="NULL_NULL_NULL_NULL","NULL","Not exist in ACTION Element Code Table")) -> NULL | BB20: =IF(COUNTIF('ACTION Element Code Table'!$A:$A,AI20&"_"&AJ20&"_"&AK20&"_"&AL20)=1,VLOOKUP(AI20&"_"&AJ20&"_"&AK20&"_"&AL20,'ACTION Element Code Table'!$A:$C,3,FALSE),IF(AI20&"_"&AJ20&"_"&AK20&"_"&AL20="NULL_NULL_NULL_NULL","NULL","Not exist in ACTION Element Code Table")) -> NULL | BC20: =D20&E20&G20&H20&I20&J20&F20 -> FFWINPOINOTH | BD20: =D20&E20&N20&O20&P20&Q20&F20 -> NULLNULLNULLNULL | BE20: =D20&E20&U20&V20&W20&X20&F20 -> NULLNULLNULLNULL | BF20: =D20&E20&AB20&AC20&AD20&AE20&F20 -> NULLNULLNULLNULL | BG20: =D20&E20&AI20&AJ20&AK20&AL20&F20 -> NULLNULLNULLNULL | BH20: =IF(COUNTIF($BB:$BF,BC20)>1,"Duplicated","") | BI20: =IF(COUNTIF($BB:$BF,BD20)>1,"Duplicated","") -> Duplicated | BJ20: =IF(COUNTIF($BB:$BF,BE20)>1,"Duplicated","") -> Duplicated | BK20: =IF(COUNTIF($BB:$BF,BF20)>1,"Duplicated","") -> Duplicated | BL20: =IF(COUNTIF($BB:$BF,BG20)>1,"Duplicated","") -> Duplicated | BM20: Louvre
G21: FF | H21: DR | I21: STRU | J21: OTH | K21: NULL | L21: NULL | M21: Partition Door | N21: NULL | O21: NULL | P21: NULL | Q21: NULL | R21: NULL | S21: NULL | T21: NULL | U21: NULL | V21: NULL | W21: NULL | X21: NULL | Y21: NULL | Z21: NULL | AA21: NULL | AB21: NULL | AC21: NULL | AD21: NULL | AE21: NULL | AF21: NULL | AG21: NULL | AH21: NULL | AI21: NULL | AJ21: NULL | AK21: NULL | AL21: NULL | AM21: NULL | AN21: NULL | AO21: NULL | AP21: NULL | AQ21: NULL | AR21: NULL | AS21: NULL | AT21: NULL | AU21: NULL | AV21: NULL | AW21: NULL | AX21: =IF(COUNTIF('ACTION Element Code Table'!$A:$A,G21&"_"&H21&"_"&I21&"_"&J21)=1,VLOOKUP(G21&"_"&H21&"_"&I21&"_"&J21,'ACTION Element Code Table'!$A:$C,3,FALSE),IF(G21&"_"&H21&"_"&I21&"_"&J21="NULL_NULL_NULL_NULL","NULL","Not exist in ACTION Element Code Table")) -> DOOR (SEE REMARKS) | AY21: =IF(COUNTIF('ACTION Element Code Table'!$A:$A,N21&"_"&O21&"_"&P21&"_"&Q21)=1,VLOOKUP(N21&"_"&O21&"_"&P21&"_"&Q21,'ACTION Element Code Table'!$A:$C,3,FALSE),IF(N21&"_"&O21&"_"&P21&"_"&Q21="NULL_NULL_NULL_NULL","NULL","Not exist in ACTION Element Code Table")) -> NULL | AZ21: =IF(COUNTIF('ACTION Element Code Table'!$A:$A,U21&"_"&V21&"_"&W21&"_"&X21)=1,VLOOKUP(U21&"_"&V21&"_"&W21&"_"&X21,'ACTION Element Code Table'!$A:$C,3,FALSE),IF(U21&"_"&V21&"_"&W21&"_"&X21="NULL_NULL_NULL_NULL","NULL","Not exist in ACTION Element Code Table")) -> NULL | BA21: =IF(COUNTIF('ACTION Element Code Table'!$A:$A,AB21&"_"&AC21&"_"&AD21&"_"&AE21)=1,VLOOKUP(AB21&"_"&AC21&"_"&AD21&"_"&AE21,'ACTION Element Code Table'!$A:$C,3,FALSE),IF(AB21&"_"&AC21&"_"&AD21&"_"&AE21="NULL_NULL_NULL_NULL","NULL","Not exist in ACTION Element Code Table")) -> NULL | BB21: =IF(COUNTIF('ACTION Element Code Table'!$A:$A,AI21&"_"&AJ21&"_"&AK21&"_"&AL21)=1,VLOOKUP(AI21&"_"&AJ21&"_"&AK21&"_"&AL21,'ACTION Element Code Table'!$A:$C,3,FALSE),IF(AI21&"_"&AJ21&"_"&AK21&"_"&AL21="NULL_NULL_NULL_NULL","NULL","Not exist in ACTION Element Code Table")) -> NULL | BC21: =D21&E21&G21&H21&I21&J21&F21 -> FFDRSTRUOTH | BD21: =D21&E21&N21&O21&P21&Q21&F21 -> NULLNULLNULLNULL | BE21: =D21&E21&U21&V21&W21&X21&F21 -> NULLNULLNULLNULL | BF21: =D21&E21&AB21&AC21&AD21&AE21&F21 -> NULLNULLNULLNULL | BG21: =D21&E21&AI21&AJ21&AK21&AL21&F21 -> NULLNULLNULLNULL | BH21: =IF(COUNTIF($BB:$BF,BC21)>1,"Duplicated","") -> Duplicated | BI21: =IF(COUNTIF($BB:$BF,BD21)>1,"Duplicated","") -> Duplicated | BJ21: =IF(COUNTIF($BB:$BF,BE21)>1,"Duplicated","") -> Duplicated | BK21: =IF(COUNTIF($BB:$BF,BF21)>1,"Duplicated","") -> Duplicated | BL21: =IF(COUNTIF($BB:$BF,BG21)>1,"Duplicated","") -> Duplicated | BM21: Partition Door
G22: FF | H22: DR | I22: STRU | J22: OTH | K22: NULL | L22: NULL | M22: Single Door | N22: NULL | O22: NULL | P22: NULL | Q22: NULL | R22: NULL | S22: NULL | T22: NULL | U22: NULL | V22: NULL | W22: NULL | X22: NULL | Y22: NULL | Z22: NULL | AA22: NULL | AB22: NULL | AC22: NULL | AD22: NULL | AE22: NULL | AF22: NULL | AG22: NULL | AH22: NULL | AI22: NULL | AJ22: NULL | AK22: NULL | AL22: NULL | AM22: NULL | AN22: NULL | AO22: NULL | AP22: NULL | AQ22: NULL | AR22: NULL | AS22: NULL | AT22: NULL | AU22: NULL | AV22: NULL | AW22: NULL | AX22: =IF(COUNTIF('ACTION Element Code Table'!$A:$A,G22&"_"&H22&"_"&I22&"_"&J22)=1,VLOOKUP(G22&"_"&H22&"_"&I22&"_"&J22,'ACTION Element Code Table'!$A:$C,3,FALSE),IF(G22&"_"&H22&"_"&I22&"_"&J22="NULL_NULL_NULL_NULL","NULL","Not exist in ACTION Element Code Table")) -> DOOR (SEE REMARKS) | AY22: =IF(COUNTIF('ACTION Element Code Table'!$A:$A,N22&"_"&O22&"_"&P22&"_"&Q22)=1,VLOOKUP(N22&"_"&O22&"_"&P22&"_"&Q22,'ACTION Element Code Table'!$A:$C,3,FALSE),IF(N22&"_"&O22&"_"&P22&"_"&Q22="NULL_NULL_NULL_NULL","NULL","Not exist in ACTION Element Code Table")) -> NULL | AZ22: =IF(COUNTIF('ACTION Element Code Table'!$A:$A,U22&"_"&V22&"_"&W22&"_"&X22)=1,VLOOKUP(U22&"_"&V22&"_"&W22&"_"&X22,'ACTION Element Code Table'!$A:$C,3,FALSE),IF(U22&"_"&V22&"_"&W22&"_"&X22="NULL_NULL_NULL_NULL","NULL","Not exist in ACTION Element Code Table")) -> NULL | BA22: =IF(COUNTIF('ACTION Element Code Table'!$A:$A,AB22&"_"&AC22&"_"&AD22&"_"&AE22)=1,VLOOKUP(AB22&"_"&AC22&"_"&AD22&"_"&AE22,'ACTION Element Code Table'!$A:$C,3,FALSE),IF(AB22&"_"&AC22&"_"&AD22&"_"&AE22="NULL_NULL_NULL_NULL","NULL","Not exist in ACTION Element Code Table")) -> NULL | BB22: =IF(COUNTIF('ACTION Element Code Table'!$A:$A,AI22&"_"&AJ22&"_"&AK22&"_"&AL22)=1,VLOOKUP(AI22&"_"&AJ22&"_"&AK22&"_"&AL22,'ACTION Element Code Table'!$A:$C,3,FALSE),IF(AI22&"_"&AJ22&"_"&AK22&"_"&AL22="NULL_NULL_NULL_NULL","NULL","Not exist in ACTION Element Code Table")) -> NULL | BC22: =D22&E22&G22&H22&I22&J22&F22 -> FFDRSTRUOTH | BD22: =D22&E22&N22&O22&P22&Q22&F22 -> NULLNULLNULLNULL | BE22: =D22&E22&U22&V22&W22&X22&F22 -> NULLNULLNULLNULL | BF22: =D22&E22&AB22&AC22&AD22&AE22&F22 -> NULLNULLNULLNULL | BG22: =D22&E22&AI22&AJ22&AK22&AL22&F22 -> NULLNULLNULLNULL | BH22: =IF(COUNTIF($BB:$BF,BC22)>1,"Duplicated","") -> Duplicated | BI22: =IF(COUNTIF($BB:$BF,BD22)>1,"Duplicated","") -> Duplicated | BJ22: =IF(COUNTIF($BB:$BF,BE22)>1,"Duplicated","") -> Duplicated | BK22: =IF(COUNTIF($BB:$BF,BF22)>1,"Duplicated","") -> Duplicated | BL22: =IF(COUNTIF($BB:$BF,BG22)>1,"Duplicated","") -> Duplicated | BM22: Single Door
G23: FF | H23: DR | I23: STRU | J23: OTH | K23: NULL | L23: NULL | M23: Sliding Door | N23: NULL | O23: NULL | P23: NULL | Q23: NULL | R23: NULL | S23: NULL | T23: NULL | U23: NULL | V23: NULL | W23: NULL | X23: NULL | Y23: NULL | Z23: NULL | AA23: NULL | AB23: NULL | AC23: NULL | AD23: NULL | AE23: NULL | AF23: NULL | AG23: NULL | AH23: NULL | AI23: NULL | AJ23: NULL | AK23: NULL | AL23: NULL | AM23: NULL | AN23: NULL | AO23: NULL | AP23: NULL | AQ23: NULL | AR23: NULL | AS23: NULL | AT23: NULL | AU23: NULL | AV23: NULL | AW23: NULL | AX23: =IF(COUNTIF('ACTION Element Code Table'!$A:$A,G23&"_"&H23&"_"&I23&"_"&J23)=1,VLOOKUP(G23&"_"&H23&"_"&I23&"_"&J23,'ACTION Element Code Table'!$A:$C,3,FALSE),IF(G23&"_"&H23&"_"&I23&"_"&J23="NULL_NULL_NULL_NULL","NULL","Not exist in ACTION Element Code Table")) -> DOOR (SEE REMARKS) | AY23: =IF(COUNTIF('ACTION Element Code Table'!$A:$A,N23&"_"&O23&"_"&P23&"_"&Q23)=1,VLOOKUP(N23&"_"&O23&"_"&P23&"_"&Q23,'ACTION Element Code Table'!$A:$C,3,FALSE),IF(N23&"_"&O23&"_"&P23&"_"&Q23="NULL_NULL_NULL_NULL","NULL","Not exist in ACTION Element Code Table")) -> NULL | AZ23: =IF(COUNTIF('ACTION Element Code Table'!$A:$A,U23&"_"&V23&"_"&W23&"_"&X23)=1,VLOOKUP(U23&"_"&V23&"_"&W23&"_"&X23,'ACTION Element Code Table'!$A:$C,3,FALSE),IF(U23&"_"&V23&"_"&W23&"_"&X23="NULL_NULL_NULL_NULL","NULL","Not exist in ACTION Element Code Table")) -> NULL | BA23: =IF(COUNTIF('ACTION Element Code Table'!$A:$A,AB23&"_"&AC23&"_"&AD23&"_"&AE23)=1,VLOOKUP(AB23&"_"&AC23&"_"&AD23&"_"&AE23,'ACTION Element Code Table'!$A:$C,3,FALSE),IF(AB23&"_"&AC23&"_"&AD23&"_"&AE23="NULL_NULL_NULL_NULL","NULL","Not exist in ACTION Element Code Table")) -> NULL | BB23: =IF(COUNTIF('ACTION Element Code Table'!$A:$A,AI23&"_"&AJ23&"_"&AK23&"_"&AL23)=1,VLOOKUP(AI23&"_"&AJ23&"_"&AK23&"_"&AL23,'ACTION Element Code Table'!$A:$C,3,FALSE),IF(AI23&"_"&AJ23&"_"&AK23&"_"&AL23="NULL_NULL_NULL_NULL","NULL","Not exist in ACTION Element Code Table")) -> NULL | BC23: =D23&E23&G23&H23&I23&J23&F23 -> FFDRSTRUOTH | BD23: =D23&E23&N23&O23&P23&Q23&F23 -> NULLNULLNULLNULL | BE23: =D23&E23&U23&V23&W23&X23&F23 -> NULLNULLNULLNULL | BF23: =D23&E23&AB23&AC23&AD23&AE23&F23 -> NULLNULLNULLNULL | BG23: =D23&E23&AI23&AJ23&AK23&AL23&F23 -> NULLNULLNULLNULL | BH23: =IF(COUNTIF($BB:$BF,BC23)>1,"Duplicated","") -> Duplicated | BM23: Sliding Door
G24: FF | H24: COUNT | I24: STRU | J24: NULL | K24: NULL | L24: NULL | M24: NULL | N24: NULL | O24: NULL | P24: NULL | Q24: NULL | R24: NULL | S24: NULL | T24: NULL | U24: NULL | V24: NULL | W24: NULL | X24: NULL | Y24: NULL | Z24: NULL | AA24: NULL | AB24: NULL | AC24: NULL | AD24: NULL | AE24: NULL | AF24: NULL | AG24: NULL | AH24: NULL | AI24: NULL | AJ24: NULL | AK24: NULL | AL24: NULL | AM24: NULL | AN24: NULL | AO24: NULL | AP24: NULL | AQ24: NULL | AR24: NULL | AS24: NULL | AT24: NULL | AU24: NULL | AV24: NULL | AW24: NULL | AX24: =IF(COUNTIF('ACTION Element Code Table'!$A:$A,G24&"_"&H24&"_"&I24&"_"&J24)=1,VLOOKUP(G24&"_"&H24&"_"&I24&"_"&J24,'ACTION Element Code Table'!$A:$C,3,FALSE),IF(G24&"_"&H24&"_"&I24&"_"&J24="NULL_NULL_NULL_NULL","NULL","Not exist in ACTION Element Code Table")) -> STRUCTURE OF RECEPTION COUNTER | AY24: =IF(COUNTIF('ACTION Element Code Table'!$A:$A,N24&"_"&O24&"_"&P24&"_"&Q24)=1,VLOOKUP(N24&"_"&O24&"_"&P24&"_"&Q24,'ACTION Element Code Table'!$A:$C,3,FALSE),IF(N24&"_"&O24&"_"&P24&"_"&Q24="NULL_NULL_NULL_NULL","NULL","Not exist in ACTION Element Code Table")) -> NULL | AZ24: =IF(COUNTIF('ACTION Element Code Table'!$A:$A,U24&"_"&V24&"_"&W24&"_"&X24)=1,VLOOKUP(U24&"_"&V24&"_"&W24&"_"&X24,'ACTION Element Code Table'!$A:$C,3,FALSE),IF(U24&"_"&V24&"_"&W24&"_"&X24="NULL_NULL_NULL_NULL","NULL","Not exist in ACTION Element Code Table")) -> NULL | BA24: =IF(COUNTIF('ACTION Element Code Table'!$A:$A,AB24&"_"&AC24&"_"&AD24&"_"&AE24)=1,VLOOKUP(AB24&"_"&AC24&"_"&AD24&"_"&AE24,'ACTION Element Code Table'!$A:$C,3,FALSE),IF(AB24&"_"&AC24&"_"&AD24&"_"&AE24="NULL_NULL_NULL_NULL","NULL","Not exist in ACTION Element Code Table")) -> NULL | BB24: =IF(COUNTIF('ACTION Element Code Table'!$A:$A,AI24&"_"&AJ24&"_"&AK24&"_"&AL24)=1,VLOOKUP(AI24&"_"&AJ24&"_"&AK24&"_"&AL24,'ACTION Element Code Table'!$A:$C,3,FALSE),IF(AI24&"_"&AJ24&"_"&AK24&"_"&AL24="NULL_NULL_NULL_NULL","NULL","Not exist in ACTION Element Code Table")) -> NULL | BC24: =D24&E24&G24&H24&I24&J24&F24 -> FFCOUNTSTRUNULL | BD24: =D24&E24&N24&O24&P24&Q24&F24 -> NULLNULLNULLNULL | BE24: =D24&E24&U24&V24&W24&X24&F24 -> NULLNULLNULLNULL | BF24: =D24&E24&AB24&AC24&AD24&AE24&F24 -> NULLNULLNULLNULL | BG24: =D24&E24&AI24&AJ24&AK24&AL24&F24 -> NULLNULLNULLNULL | BH24: =IF(COUNTIF($BB:$BF,BC24)>1,"Duplicated","") | BI24: =IF(COUNTIF($BB:$BF,BD24)>1,"Duplicated","") -> Duplicated | BJ24: =IF(COUNTIF($BB:$BF,BE24)>1,"Duplicated","") -> Duplicated | BK24: =IF(COUNTIF($BB:$BF,BF24)>1,"Duplicated","") -> Duplicated | BL24: =IF(COUNTIF($BB:$BF,BG24)>1,"Duplicated","") -> Duplicated | BM24: Counter Top | BN24: Fixture
G25: FF | H25: SIG | I25: STRU | J25: NULL | K25: NULL | L25: NULL | M25: NULL | N25: NULL | O25: NULL | P25: NULL | Q25: NULL | R25: NULL | S25: NULL | T25: NULL | U25: NULL | V25: NULL | W25: NULL | X25: NULL | Y25: NULL | Z25: NULL | AA25: NULL | AB25: NULL | AC25: NULL | AD25: NULL | AE25: NULL | AF25: NULL | AG25: NULL | AH25: NULL | AI25: NULL | AJ25: NULL | AK25: NULL | AL25: NULL | AM25: NULL | AN25: NULL | AO25: NULL | AP25: NULL | AQ25: NULL | AR25: NULL | AS25: NULL | AT25: NULL | AU25: NULL | AV25: NULL | AW25: NULL | AX25: =IF(COUNTIF('ACTION Element Code Table'!$A:$A,G25&"_"&H25&"_"&I25&"_"&J25)=1,VLOOKUP(G25&"_"&H25&"_"&I25&"_"&J25,'ACTION Element Code Table'!$A:$C,3,FALSE),IF(G25&"_"&H25&"_"&I25&"_"&J25="NULL_NULL_NULL_NULL","NULL","Not exist in ACTION Element Code Table")) -> STRUCTURE OF SIGNAGE | AY25: =IF(COUNTIF('ACTION Element Code Table'!$A:$A,N25&"_"&O25&"_"&P25&"_"&Q25)=1,VLOOKUP(N25&"_"&O25&"_"&P25&"_"&Q25,'ACTION Element Code Table'!$A:$C,3,FALSE),IF(N25&"_"&O25&"_"&P25&"_"&Q25="NULL_NULL_NULL_NULL","NULL","Not exist in ACTION Element Code Table")) -> NULL | AZ25: =IF(COUNTIF('ACTION Element Code Table'!$A:$A,U25&"_"&V25&"_"&W25&"_"&X25)=1,VLOOKUP(U25&"_"&V25&"_"&W25&"_"&X25,'ACTION Element Code Table'!$A:$C,3,FALSE),IF(U25&"_"&V25&"_"&W25&"_"&X25="NULL_NULL_NULL_NULL","NULL","Not exist in ACTION Element Code Table")) -> NULL | BA25: =IF(COUNTIF('ACTION Element Code Table'!$A:$A,AB25&"_"&AC25&"_"&AD25&"_"&AE25)=1,VLOOKUP(AB25&"_"&AC25&"_"&AD25&"_"&AE25,'ACTION Element Code Table'!$A:$C,3,FALSE),IF(AB25&"_"&AC25&"_"&AD25&"_"&AE25="NULL_NULL_NULL_NULL","NULL","Not exist in ACTION Element Code Table")) -> NULL | BB25: =IF(COUNTIF('ACTION Element Code Table'!$A:$A,AI25&"_"&AJ25&"_"&AK25&"_"&AL25)=1,VLOOKUP(AI25&"_"&AJ25&"_"&AK25&"_"&AL25,'ACTION Element Code Table'!$A:$C,3,FALSE),IF(AI25&"_"&AJ25&"_"&AK25&"_"&AL25="NULL_NULL_NULL_NULL","NULL","Not exist in ACTION Element Code Table")) -> NULL | BC25: =D25&E25&G25&H25&I25&J25&F25 -> FFSIGSTRUNULL | BD25: =D25&E25&N25&O25&P25&Q25&F25 -> NULLNULLNULLNULL | BE25: =D25&E25&U25&V25&W25&X25&F25 -> NULLNULLNULLNULL | BF25: =D25&E25&AB25&AC25&AD25&AE25&F25 -> NULLNULLNULLNULL | BG25: =D25&E25&AI25&AJ25&AK25&AL25&F25 -> NULLNULLNULLNULL | BH25: =IF(COUNTIF($BB:$BF,BC25)>1,"Duplicated","") -> Duplicated | BM25: Directional Sign | BN25: Signage
G26: AC | H26: AC14 | I26: AC111 | J26: NULL | K26: NULL | L26: NULL | M26: NULL | N26: NULL | O26: NULL | P26: NULL | Q26: NULL | R26: NULL | S26: NULL | T26: NULL | U26: NULL | V26: NULL | W26: NULL | X26: NULL | Y26: NULL | Z26: NULL | AA26: NULL | AB26: NULL | AC26: NULL | AD26: NULL | AE26: NULL | AF26: NULL | AG26: NULL | AH26: NULL | AI26: NULL | AJ26: NULL | AK26: NULL | AL26: NULL | AM26: NULL | AN26: NULL | AO26: NULL | AP26: NULL | AQ26: NULL | AR26: NULL | AS26: NULL | AT26: NULL | AU26: NULL | AV26: NULL | AW26: NULL | AX26: =IF(COUNTIF('ACTION Element Code Table'!$A:$A,G26&"_"&H26&"_"&I26&"_"&J26)=1,VLOOKUP(G26&"_"&H26&"_"&I26&"_"&J26,'ACTION Element Code Table'!$A:$C,3,FALSE),IF(G26&"_"&H26&"_"&I26&"_"&J26="NULL_NULL_NULL_NULL","NULL","Not exist in ACTION Element Code Table")) -> Exhaust air grille | AY26: =IF(COUNTIF('ACTION Element Code Table'!$A:$A,N26&"_"&O26&"_"&P26&"_"&Q26)=1,VLOOKUP(N26&"_"&O26&"_"&P26&"_"&Q26,'ACTION Element Code Table'!$A:$C,3,FALSE),IF(N26&"_"&O26&"_"&P26&"_"&Q26="NULL_NULL_NULL_NULL","NULL","Not exist in ACTION Element Code Table")) -> NULL | AZ26: =IF(COUNTIF('ACTION Element Code Table'!$A:$A,U26&"_"&V26&"_"&W26&"_"&X26)=1,VLOOKUP(U26&"_"&V26&"_"&W26&"_"&X26,'ACTION Element Code Table'!$A:$C,3,FALSE),IF(U26&"_"&V26&"_"&W26&"_"&X26="NULL_NULL_NULL_NULL","NULL","Not exist in ACTION Element Code Table")) -> NULL | BA26: =IF(COUNTIF('ACTION Element Code Table'!$A:$A,AB26&"_"&AC26&"_"&AD26&"_"&AE26)=1,VLOOKUP(AB26&"_"&AC26&"_"&AD26&"_"&AE26,'ACTION Element Code Table'!$A:$C,3,FALSE),IF(AB26&"_"&AC26&"_"&AD26&"_"&AE26="NULL_NULL_NULL_NULL","NULL","Not exist in ACTION Element Code Table")) -> NULL | BB26: =IF(COUNTIF('ACTION Element Code Table'!$A:$A,AI26&"_"&AJ26&"_"&AK26&"_"&AL26)=1,VLOOKUP(AI26&"_"&AJ26&"_"&AK26&"_"&AL26,'ACTION Element Code Table'!$A:$C,3,FALSE),IF(AI26&"_"&AJ26&"_"&AK26&"_"&AL26="NULL_NULL_NULL_NULL","NULL","Not exist in ACTION Element Code Table")) -> NULL | BC26: =D26&E26&G26&H26&I26&J26&F26 -> ACAC14AC111NULL | BD26: =D26&E26&N26&O26&P26&Q26&F26 -> NULLNULLNULLNULL | BE26: =D26&E26&U26&V26&W26&X26&F26 -> NULLNULLNULLNULL | BF26: =D26&E26&AB26&AC26&AD26&AE26&F26 -> NULLNULLNULLNULL | BG26: =D26&E26&AI26&AJ26&AK26&AL26&F26 -> NULLNULLNULLNULL | BH26: =IF(COUNTIF($BB:$BF,BC26)>1,"Duplicated","") | BM26: Exhaust Air Grille
G27: FF | H27: SIG | I27: STRU | J27: NULL | K27: NULL | L27: NULL | M27: NULL | N27: NULL | O27: NULL | P27: NULL | Q27: NULL | R27: NULL | S27: NULL | T27: NULL | U27: NULL | V27: NULL | W27: NULL | X27: NULL | Y27: NULL | Z27: NULL | AA27: NULL | AB27: NULL | AC27: NULL | AD27: NULL | AE27: NULL | AF27: NULL | AG27: NULL | AH27: NULL | AI27: NULL | AJ27: NULL | AK27: NULL | AL27: NULL | AM27: NULL | AN27: NULL | AO27: NULL | AP27: NULL | AQ27: NULL | AR27: NULL | AS27: NULL | AT27: NULL | AU27: NULL | AV27: NULL | AW27: NULL | AX27: =IF(COUNTIF('ACTION Element Code Table'!$A:$A,G27&"_"&H27&"_"&I27&"_"&J27)=1,VLOOKUP(G27&"_"&H27&"_"&I27&"_"&J27,'ACTION Element Code Table'!$A:$C,3,FALSE),IF(G27&"_"&H27&"_"&I27&"_"&J27="NULL_NULL_NULL_NULL","NULL","Not exist in ACTION Element Code Table")) -> STRUCTURE OF SIGNAGE | AY27: =IF(COUNTIF('ACTION Element Code Table'!$A:$A,N27&"_"&O27&"_"&P27&"_"&Q27)=1,VLOOKUP(N27&"_"&O27&"_"&P27&"_"&Q27,'ACTION Element Code Table'!$A:$C,3,FALSE),IF(N27&"_"&O27&"_"&P27&"_"&Q27="NULL_NULL_NULL_NULL","NULL","Not exist in ACTION Element Code Table")) -> NULL | AZ27: =IF(COUNTIF('ACTION Element Code Table'!$A:$A,U27&"_"&V27&"_"&W27&"_"&X27)=1,VLOOKUP(U27&"_"&V27&"_"&W27&"_"&X27,'ACTION Element Code Table'!$A:$C,3,FALSE),IF(U27&"_"&V27&"_"&W27&"_"&X27="NULL_NULL_NULL_NULL","NULL","Not exist in ACTION Element Code Table")) -> NULL | BA27: =IF(COUNTIF('ACTION Element Code Table'!$A:$A,AB27&"_"&AC27&"_"&AD27&"_"&AE27)=1,VLOOKUP(AB27&"_"&AC27&"_"&AD27&"_"&AE27,'ACTION Element Code Table'!$A:$C,3,FALSE),IF(AB27&"_"&AC27&"_"&AD27&"_"&AE27="NULL_NULL_NULL_NULL","NULL","Not exist in ACTION Element Code Table")) -> NULL | BB27: =IF(COUNTIF('ACTION Element Code Table'!$A:$A,AI27&"_"&AJ27&"_"&AK27&"_"&AL27)=1,VLOOKUP(AI27&"_"&AJ27&"_"&AK27&"_"&AL27,'ACTION Element Code Table'!$A:$C,3,FALSE),IF(AI27&"_"&AJ27&"_"&AK27&"_"&AL27="NULL_NULL_NULL_NULL","NULL","Not exist in ACTION Element Code Table")) -> NULL | BC27: =D27&E27&G27&H27&I27&J27&F27 -> FFSIGSTRUNULL | BD27: =D27&E27&N27&O27&P27&Q27&F27 -> NULLNULLNULLNULL | BE27: =D27&E27&U27&V27&W27&X27&F27 -> NULLNULLNULLNULL | BF27: =D27&E27&AB27&AC27&AD27&AE27&F27 -> NULLNULLNULLNULL | BG27: =D27&E27&AI27&AJ27&AK27&AL27&F27 -> NULLNULLNULLNULL | BH27: =IF(COUNTIF($BB:$BF,BC27)>1,"Duplicated","") -> Duplicated | BM27: Exit sign | BN27: Signage
G28: FF | H28: CLGS | I28: NULL | J28: NULL | K28: NULL | L28: NULL | M28: NULL | N28: NULL | O28: NULL | P28: NULL | Q28: NULL | R28: NULL | S28: NULL | T28: NULL | U28: NULL | V28: NULL | W28: NULL | X28: NULL | Y28: NULL | Z28: NULL | AA28: NULL | AB28: NULL | AC28: NULL | AD28: NULL | AE28: NULL | AF28: NULL | AG28: NULL | AH28: NULL | AI28: NULL | AJ28: NULL | AK28: NULL | AL28: NULL | AM28: NULL | AN28: NULL | AO28: NULL | AP28: NULL | AQ28: NULL | AR28: NULL | AS28: NULL | AT28: NULL | AU28: NULL | AV28: NULL | AW28: NULL | AX28: =IF(COUNTIF('ACTION Element Code Table'!$A:$A,G28&"_"&H28&"_"&I28&"_"&J28)=1,VLOOKUP(G28&"_"&H28&"_"&I28&"_"&J28,'ACTION Element Code Table'!$A:$C,3,FALSE),IF(G28&"_"&H28&"_"&I28&"_"&J28="NULL_NULL_NULL_NULL","NULL","Not exist in ACTION Element Code Table")) -> SUSPENDED CEILING | AY28: =IF(COUNTIF('ACTION Element Code Table'!$A:$A,N28&"_"&O28&"_"&P28&"_"&Q28)=1,VLOOKUP(N28&"_"&O28&"_"&P28&"_"&Q28,'ACTION Element Code Table'!$A:$C,3,FALSE),IF(N28&"_"&O28&"_"&P28&"_"&Q28="NULL_NULL_NULL_NULL","NULL","Not exist in ACTION Element Code Table")) -> NULL | AZ28: =IF(COUNTIF('ACTION Element Code Table'!$A:$A,U28&"_"&V28&"_"&W28&"_"&X28)=1,VLOOKUP(U28&"_"&V28&"_"&W28&"_"&X28,'ACTION Element Code Table'!$A:$C,3,FALSE),IF(U28&"_"&V28&"_"&W28&"_"&X28="NULL_NULL_NULL_NULL","NULL","Not exist in ACTION Element Code Table")) -> NULL | BA28: =IF(COUNTIF('ACTION Element Code Table'!$A:$A,AB28&"_"&AC28&"_"&AD28&"_"&AE28)=1,VLOOKUP(AB28&"_"&AC28&"_"&AD28&"_"&AE28,'ACTION Element Code Table'!$A:$C,3,FALSE),IF(AB28&"_"&AC28&"_"&AD28&"_"&AE28="NULL_NULL_NULL_NULL","NULL","Not exist in ACTION Element Code Table")) -> NULL | BB28: =IF(COUNTIF('ACTION Element Code Table'!$A:$A,AI28&"_"&AJ28&"_"&AK28&"_"&AL28)=1,VLOOKUP(AI28&"_"&AJ28&"_"&AK28&"_"&AL28,'ACTION Element Code Table'!$A:$C,3,FALSE),IF(AI28&"_"&AJ28&"_"&AK28&"_"&AL28="NULL_NULL_NULL_NULL","NULL","Not exist in ACTION Element Code Table")) -> NULL | BC28: =D28&E28&G28&H28&I28&J28&F28 -> FFCLGSNULLNULL | BD28: =D28&E28&N28&O28&P28&Q28&F28 -> NULLNULLNULLNULL | BE28: =D28&E28&U28&V28&W28&X28&F28 -> NULLNULLNULLNULL | BF28: =D28&E28&AB28&AC28&AD28&AE28&F28 -> NULLNULLNULLNULL | BG28: =D28&E28&AI28&AJ28&AK28&AL28&F28 -> NULLNULLNULLNULL | BH28: =IF(COUNTIF($BB:$BF,BC28)>1,"Duplicated","") | BI28: =IF(COUNTIF($BB:$BF,BD28)>1,"Duplicated","") -> Duplicated | BJ28: =IF(COUNTIF($BB:$BF,BE28)>1,"Duplicated","") -> Duplicated | BK28: =IF(COUNTIF($BB:$BF,BF28)>1,"Duplicated","") -> Duplicated | BL28: =IF(COUNTIF($BB:$BF,BG28)>1,"Duplicated","") -> Duplicated | BM28: False Ceiling | BN28: Ceiling
G29: SANI | H29: WB | I29: T | J29: NULL | K29: NULL | L29: NULL | M29: NULL | N29: NULL | O29: NULL | P29: NULL | Q29: NULL | R29: NULL | S29: NULL | T29: NULL | U29: NULL | V29: NULL | W29: NULL | X29: NULL | Y29: NULL | Z29: NULL | AA29: NULL | AB29: NULL | AC29: NULL | AD29: NULL | AE29: NULL | AF29: NULL | AG29: NULL | AH29: NULL | AI29: NULL | AJ29: NULL | AK29: NULL | AL29: NULL | AM29: NULL | AN29: NULL | AO29: NULL | AP29: NULL | AQ29: NULL | AR29: NULL | AS29: NULL | AT29: NULL | AU29: NULL | AV29: NULL | AW29: NULL | AX29: =IF(COUNTIF('ACTION Element Code Table'!$A:$A,G29&"_"&H29&"_"&I29&"_"&J29)=1,VLOOKUP(G29&"_"&H29&"_"&I29&"_"&J29,'ACTION Element Code Table'!$A:$C,3,FALSE),IF(G29&"_"&H29&"_"&I29&"_"&J29="NULL_NULL_NULL_NULL","NULL","Not exist in ACTION Element Code Table")) -> TAP OF WASH HANDBASIN | AY29: =IF(COUNTIF('ACTION Element Code Table'!$A:$A,N29&"_"&O29&"_"&P29&"_"&Q29)=1,VLOOKUP(N29&"_"&O29&"_"&P29&"_"&Q29,'ACTION Element Code Table'!$A:$C,3,FALSE),IF(N29&"_"&O29&"_"&P29&"_"&Q29="NULL_NULL_NULL_NULL","NULL","Not exist in ACTION Element Code Table")) -> NULL | AZ29: =IF(COUNTIF('ACTION Element Code Table'!$A:$A,U29&"_"&V29&"_"&W29&"_"&X29)=1,VLOOKUP(U29&"_"&V29&"_"&W29&"_"&X29,'ACTION Element Code Table'!$A:$C,3,FALSE),IF(U29&"_"&V29&"_"&W29&"_"&X29="NULL_NULL_NULL_NULL","NULL","Not exist in ACTION Element Code Table")) -> NULL | BA29: =IF(COUNTIF('ACTION Element Code Table'!$A:$A,AB29&"_"&AC29&"_"&AD29&"_"&AE29)=1,VLOOKUP(AB29&"_"&AC29&"_"&AD29&"_"&AE29,'ACTION Element Code Table'!$A:$C,3,FALSE),IF(AB29&"_"&AC29&"_"&AD29&"_"&AE29="NULL_NULL_NULL_NULL","NULL","Not exist in ACTION Element Code Table")) -> NULL | BB29: =IF(COUNTIF('ACTION Element Code Table'!$A:$A,AI29&"_"&AJ29&"_"&AK29&"_"&AL29)=1,VLOOKUP(AI29&"_"&AJ29&"_"&AK29&"_"&AL29,'ACTION Element Code Table'!$A:$C,3,FALSE),IF(AI29&"_"&AJ29&"_"&AK29&"_"&AL29="NULL_NULL_NULL_NULL","NULL","Not exist in ACTION Element Code Table")) -> NULL | BC29: =D29&E29&G29&H29&I29&J29&F29 -> SANIWBTNULL | BD29: =D29&E29&N29&O29&P29&Q29&F29 -> NULLNULLNULLNULL | BE29: =D29&E29&U29&V29&W29&X29&F29 -> NULLNULLNULLNULL | BF29: =D29&E29&AB29&AC29&AD29&AE29&F29 -> NULLNULLNULLNULL | BG29: =D29&E29&AI29&AJ29&AK29&AL29&F29 -> NULLNULLNULLNULL | BH29: =IF(COUNTIF($BB:$BF,BC29)>1,"Duplicated","") | BM29: Faucet of Basin | BN29: Faucet
G30: SANI | H30: SHO | I30: T | J30: NULL | K30: NULL | L30: NULL | M30: NULL | N30: NULL | O30: NULL | P30: NULL | Q30: NULL | R30: NULL | S30: NULL | T30: NULL | U30: NULL | V30: NULL | W30: NULL | X30: NULL | Y30: NULL | Z30: NULL | AA30: NULL | AB30: NULL | AC30: NULL | AD30: NULL | AE30: NULL | AF30: NULL | AG30: NULL | AH30: NULL | AI30: NULL | AJ30: NULL | AK30: NULL | AL30: NULL | AM30: NULL | AN30: NULL | AO30: NULL | AP30: NULL | AQ30: NULL | AR30: NULL | AS30: NULL | AT30: NULL | AU30: NULL | AV30: NULL | AW30: NULL | AX30: =IF(COUNTIF('ACTION Element Code Table'!$A:$A,G30&"_"&H30&"_"&I30&"_"&J30)=1,VLOOKUP(G30&"_"&H30&"_"&I30&"_"&J30,'ACTION Element Code Table'!$A:$C,3,FALSE),IF(G30&"_"&H30&"_"&I30&"_"&J30="NULL_NULL_NULL_NULL","NULL","Not exist in ACTION Element Code Table")) -> SHOWER TAPS | AY30: =IF(COUNTIF('ACTION Element Code Table'!$A:$A,N30&"_"&O30&"_"&P30&"_"&Q30)=1,VLOOKUP(N30&"_"&O30&"_"&P30&"_"&Q30,'ACTION Element Code Table'!$A:$C,3,FALSE),IF(N30&"_"&O30&"_"&P30&"_"&Q30="NULL_NULL_NULL_NULL","NULL","Not exist in ACTION Element Code Table")) -> NULL | AZ30: =IF(COUNTIF('ACTION Element Code Table'!$A:$A,U30&"_"&V30&"_"&W30&"_"&X30)=1,VLOOKUP(U30&"_"&V30&"_"&W30&"_"&X30,'ACTION Element Code Table'!$A:$C,3,FALSE),IF(U30&"_"&V30&"_"&W30&"_"&X30="NULL_NULL_NULL_NULL","NULL","Not exist in ACTION Element Code Table")) -> NULL | BA30: =IF(COUNTIF('ACTION Element Code Table'!$A:$A,AB30&"_"&AC30&"_"&AD30&"_"&AE30)=1,VLOOKUP(AB30&"_"&AC30&"_"&AD30&"_"&AE30,'ACTION Element Code Table'!$A:$C,3,FALSE),IF(AB30&"_"&AC30&"_"&AD30&"_"&AE30="NULL_NULL_NULL_NULL","NULL","Not exist in ACTION Element Code Table")) -> NULL | BB30: =IF(COUNTIF('ACTION Element Code Table'!$A:$A,AI30&"_"&AJ30&"_"&AK30&"_"&AL30)=1,VLOOKUP(AI30&"_"&AJ30&"_"&AK30&"_"&AL30,'ACTION Element Code Table'!$A:$C,3,FALSE),IF(AI30&"_"&AJ30&"_"&AK30&"_"&AL30="NULL_NULL_NULL_NULL","NULL","Not exist in ACTION Element Code Table")) -> NULL | BC30: =D30&E30&G30&H30&I30&J30&F30 -> SANISHOTNULL | BD30: =D30&E30&N30&O30&P30&Q30&F30 -> NULLNULLNULLNULL | BE30: =D30&E30&U30&V30&W30&X30&F30 -> NULLNULLNULLNULL | BF30: =D30&E30&AB30&AC30&AD30&AE30&F30 -> NULLNULLNULLNULL | BG30: =D30&E30&AI30&AJ30&AK30&AL30&F30 -> NULLNULLNULLNULL | BH30: =IF(COUNTIF($BB:$BF,BC30)>1,"Duplicated","") -> Duplicated | BM30: Faucet of Shower | BN30: Faucet
G31: SANI | H31: SIN | I31: T | J31: NULL | K31: NULL | L31: NULL | M31: NULL | N31: NULL | O31: NULL | P31: NULL | Q31: NULL | R31: NULL | S31: NULL | T31: NULL | U31: NULL | V31: NULL | W31: NULL | X31: NULL | Y31: NULL | Z31: NULL | AA31: NULL | AB31: NULL | AC31: NULL | AD31: NULL | AE31: NULL | AF31: NULL | AG31: NULL | AH31: NULL | AI31: NULL | AJ31: NULL | AK31: NULL | AL31: NULL | AM31: NULL | AN31: NULL | AO31: NULL | AP31: NULL | AQ31: NULL | AR31: NULL | AS31: NULL | AT31: NULL | AU31: NULL | AV31: NULL | AW31: NULL | AX31: =IF(COUNTIF('ACTION Element Code Table'!$A:$A,G31&"_"&H31&"_"&I31&"_"&J31)=1,VLOOKUP(G31&"_"&H31&"_"&I31&"_"&J31,'ACTION Element Code Table'!$A:$C,3,FALSE),IF(G31&"_"&H31&"_"&I31&"_"&J31="NULL_NULL_NULL_NULL","NULL","Not exist in ACTION Element Code Table")) -> SINK TAPS | AY31: =IF(COUNTIF('ACTION Element Code Table'!$A:$A,N31&"_"&O31&"_"&P31&"_"&Q31)=1,VLOOKUP(N31&"_"&O31&"_"&P31&"_"&Q31,'ACTION Element Code Table'!$A:$C,3,FALSE),IF(N31&"_"&O31&"_"&P31&"_"&Q31="NULL_NULL_NULL_NULL","NULL","Not exist in ACTION Element Code Table")) -> NULL | AZ31: =IF(COUNTIF('ACTION Element Code Table'!$A:$A,U31&"_"&V31&"_"&W31&"_"&X31)=1,VLOOKUP(U31&"_"&V31&"_"&W31&"_"&X31,'ACTION Element Code Table'!$A:$C,3,FALSE),IF(U31&"_"&V31&"_"&W31&"_"&X31="NULL_NULL_NULL_NULL","NULL","Not exist in ACTION Element Code Table")) -> NULL | BA31: =IF(COUNTIF('ACTION Element Code Table'!$A:$A,AB31&"_"&AC31&"_"&AD31&"_"&AE31)=1,VLOOKUP(AB31&"_"&AC31&"_"&AD31&"_"&AE31,'ACTION Element Code Table'!$A:$C,3,FALSE),IF(AB31&"_"&AC31&"_"&AD31&"_"&AE31="NULL_NULL_NULL_NULL","NULL","Not exist in ACTION Element Code Table")) -> NULL | BB31: =IF(COUNTIF('ACTION Element Code Table'!$A:$A,AI31&"_"&AJ31&"_"&AK31&"_"&AL31)=1,VLOOKUP(AI31&"_"&AJ31&"_"&AK31&"_"&AL31,'ACTION Element Code Table'!$A:$C,3,FALSE),IF(AI31&"_"&AJ31&"_"&AK31&"_"&AL31="NULL_NULL_NULL_NULL","NULL","Not exist in ACTION Element Code Table")) -> NULL | BC31: =D31&E31&G31&H31&I31&J31&F31 -> SANISINTNULL | BD31: =D31&E31&N31&O31&P31&Q31&F31 -> NULLNULLNULLNULL | BE31: =D31&E31&U31&V31&W31&X31&F31 -> NULLNULLNULLNULL | BF31: =D31&E31&AB31&AC31&AD31&AE31&F31 -> NULLNULLNULLNULL | BG31: =D31&E31&AI31&AJ31&AK31&AL31&F31 -> NULLNULLNULLNULL | BH31: =IF(COUNTIF($BB:$BF,BC31)>1,"Duplicated","") | BI31: =IF(COUNTIF($BB:$BF,BD31)>1,"Duplicated","") -> Duplicated | BJ31: =IF(COUNTIF($BB:$BF,BE31)>1,"Duplicated","") -> Duplicated | BK31: =IF(COUNTIF($BB:$BF,BF31)>1,"Duplicated","") -> Duplicated | BL31: =IF(COUNTIF($BB:$BF,BG31)>1,"Duplicated","") -> Duplicated | BM31: Faucet of Sink | BN31: Faucet
G32: DRA | H32: SOIL | I32: NULL | J32: NULL | K32: NULL | L32: NULL | M32: NULL | N32: NULL | O32: NULL | P32: NULL | Q32: NULL | R32: NULL | S32: NULL | T32: NULL | U32: NULL | V32: NULL | W32: NULL | X32: NULL | Y32: NULL | Z32: NULL | AA32: NULL | AB32: NULL | AC32: NULL | AD32: NULL | AE32: NULL | AF32: NULL | AG32: NULL | AH32: NULL | AI32: NULL | AJ32: NULL | AK32: NULL | AL32: NULL | AM32: NULL | AN32: NULL | AO32: NULL | AP32: NULL | AQ32: NULL | AR32: NULL | AS32: NULL | AT32: NULL | AU32: NULL | AV32: NULL | AW32: NULL | AX32: =IF(COUNTIF('ACTION Element Code Table'!$A:$A,G32&"_"&H32&"_"&I32&"_"&J32)=1,VLOOKUP(G32&"_"&H32&"_"&I32&"_"&J32,'ACTION Element Code Table'!$A:$C,3,FALSE),IF(G32&"_"&H32&"_"&I32&"_"&J32="NULL_NULL_NULL_NULL","NULL","Not exist in ACTION Element Code Table")) -> SOIL & WASTE SYSTEM | AY32: =IF(COUNTIF('ACTION Element Code Table'!$A:$A,N32&"_"&O32&"_"&P32&"_"&Q32)=1,VLOOKUP(N32&"_"&O32&"_"&P32&"_"&Q32,'ACTION Element Code Table'!$A:$C,3,FALSE),IF(N32&"_"&O32&"_"&P32&"_"&Q32="NULL_NULL_NULL_NULL","NULL","Not exist in ACTION Element Code Table")) -> NULL | AZ32: =IF(COUNTIF('ACTION Element Code Table'!$A:$A,U32&"_"&V32&"_"&W32&"_"&X32)=1,VLOOKUP(U32&"_"&V32&"_"&W32&"_"&X32,'ACTION Element Code Table'!$A:$C,3,FALSE),IF(U32&"_"&V32&"_"&W32&"_"&X32="NULL_NULL_NULL_NULL","NULL","Not exist in ACTION Element Code Table")) -> NULL | BA32: =IF(COUNTIF('ACTION Element Code Table'!$A:$A,AB32&"_"&AC32&"_"&AD32&"_"&AE32)=1,VLOOKUP(AB32&"_"&AC32&"_"&AD32&"_"&AE32,'ACTION Element Code Table'!$A:$C,3,FALSE),IF(AB32&"_"&AC32&"_"&AD32&"_"&AE32="NULL_NULL_NULL_NULL","NULL","Not exist in ACTION Element Code Table")) -> NULL | BB32: =IF(COUNTIF('ACTION Element Code Table'!$A:$A,AI32&"_"&AJ32&"_"&AK32&"_"&AL32)=1,VLOOKUP(AI32&"_"&AJ32&"_"&AK32&"_"&AL32,'ACTION Element Code Table'!$A:$C,3,FALSE),IF(AI32&"_"&AJ32&"_"&AK32&"_"&AL32="NULL_NULL_NULL_NULL","NULL","Not exist in ACTION Element Code Table")) -> NULL | BC32: =D32&E32&G32&H32&I32&J32&F32 -> DRASOILNULLNULL | BD32: =D32&E32&N32&O32&P32&Q32&F32 -> NULLNULLNULLNULL | BE32: =D32&E32&U32&V32&W32&X32&F32 -> NULLNULLNULLNULL | BF32: =D32&E32&AB32&AC32&AD32&AE32&F32 -> NULLNULLNULLNULL | BG32: =D32&E32&AI32&AJ32&AK32&AL32&F32 -> NULLNULLNULLNULL | BH32: =IF(COUNTIF($BB:$BF,BC32)>1,"Duplicated","") | BM32: FD Cover
G33: EXT | H33: BOUND | I33: Fenc | J33: NULL | K33: NULL | L33: NULL | M33: NULL | N33: NULL | O33: NULL | P33: NULL | Q33: NULL | R33: NULL | S33: NULL | T33: NULL | U33: NULL | V33: NULL | W33: NULL | X33: NULL | Y33: NULL | Z33: NULL | AA33: NULL | AB33: NULL | AC33: NULL | AD33: NULL | AE33: NULL | AF33: NULL | AG33: NULL | AH33: NULL | AI33: NULL | AJ33: NULL | AK33: NULL | AL33: NULL | AM33: NULL | AN33: NULL | AO33: NULL | AP33: NULL | AQ33: NULL | AR33: NULL | AS33: NULL | AT33: NULL | AU33: NULL | AV33: NULL | AW33: NULL | AX33: =IF(COUNTIF('ACTION Element Code Table'!$A:$A,G33&"_"&H33&"_"&I33&"_"&J33)=1,VLOOKUP(G33&"_"&H33&"_"&I33&"_"&J33,'ACTION Element Code Table'!$A:$C,3,FALSE),IF(G33&"_"&H33&"_"&I33&"_"&J33="NULL_NULL_NULL_NULL","NULL","Not exist in ACTION Element Code Table")) -> BOUNDARY FENCE | AY33: =IF(COUNTIF('ACTION Element Code Table'!$A:$A,N33&"_"&O33&"_"&P33&"_"&Q33)=1,VLOOKUP(N33&"_"&O33&"_"&P33&"_"&Q33,'ACTION Element Code Table'!$A:$C,3,FALSE),IF(N33&"_"&O33&"_"&P33&"_"&Q33="NULL_NULL_NULL_NULL","NULL","Not exist in ACTION Element Code Table")) -> NULL | AZ33: =IF(COUNTIF('ACTION Element Code Table'!$A:$A,U33&"_"&V33&"_"&W33&"_"&X33)=1,VLOOKUP(U33&"_"&V33&"_"&W33&"_"&X33,'ACTION Element Code Table'!$A:$C,3,FALSE),IF(U33&"_"&V33&"_"&W33&"_"&X33="NULL_NULL_NULL_NULL","NULL","Not exist in ACTION Element Code Table")) -> NULL | BA33: =IF(COUNTIF('ACTION Element Code Table'!$A:$A,AB33&"_"&AC33&"_"&AD33&"_"&AE33)=1,VLOOKUP(AB33&"_"&AC33&"_"&AD33&"_"&AE33,'ACTION Element Code Table'!$A:$C,3,FALSE),IF(AB33&"_"&AC33&"_"&AD33&"_"&AE33="NULL_NULL_NULL_NULL","NULL","Not exist in ACTION Element Code Table")) -> NULL | BB33: =IF(COUNTIF('ACTION Element Code Table'!$A:$A,AI33&"_"&AJ33&"_"&AK33&"_"&AL33)=1,VLOOKUP(AI33&"_"&AJ33&"_"&AK33&"_"&AL33,'ACTION Element Code Table'!$A:$C,3,FALSE),IF(AI33&"_"&AJ33&"_"&AK33&"_"&AL33="NULL_NULL_NULL_NULL","NULL","Not exist in ACTION Element Code Table")) -> NULL | BC33: =D33&E33&G33&H33&I33&J33&F33 -> EXTBOUNDFencNULL | BD33: =D33&E33&N33&O33&P33&Q33&F33 -> NULLNULLNULLNULL | BE33: =D33&E33&U33&V33&W33&X33&F33 -> NULLNULLNULLNULL | BF33: =D33&E33&AB33&AC33&AD33&AE33&F33 -> NULLNULLNULLNULL | BG33: =D33&E33&AI33&AJ33&AK33&AL33&F33 -> NULLNULLNULLNULL | BH33: =IF(COUNTIF($BB:$BF,BC33)>1,"Duplicated","") | BI33: =IF(COUNTIF($BB:$BF,BD33)>1,"Duplicated","") -> Duplicated | BJ33: =IF(COUNTIF($BB:$BF,BE33)>1,"Duplicated","") -> Duplicated | BK33: =IF(COUNTIF($BB:$BF,BF33)>1,"Duplicated","") -> Duplicated | BL33: =IF(COUNTIF($BB:$BF,BG33)>1,"Duplicated","") -> Duplicated | BM33: Fence | BN33: Wall
G34: STR | H34: FL | I34: NULL | J34: NULL | K34: NULL | L34: NULL | M34: NULL | N34: NULL | O34: NULL | P34: NULL | Q34: NULL | R34: NULL | S34: NULL | T34: NULL | U34: NULL | V34: NULL | W34: NULL | X34: NULL | Y34: NULL | Z34: NULL | AA34: NULL | AB34: NULL | AC34: NULL | AD34: NULL | AE34: NULL | AF34: NULL | AG34: NULL | AH34: NULL | AI34: NULL | AJ34: NULL | AK34: NULL | AL34: NULL | AM34: NULL | AN34: NULL | AO34: NULL | AP34: NULL | AQ34: NULL | AR34: NULL | AS34: NULL | AT34: NULL | AU34: NULL | AV34: NULL | AW34: NULL | AX34: =IF(COUNTIF('ACTION Element Code Table'!$A:$A,G34&"_"&H34&"_"&I34&"_"&J34)=1,VLOOKUP(G34&"_"&H34&"_"&I34&"_"&J34,'ACTION Element Code Table'!$A:$C,3,FALSE),IF(G34&"_"&H34&"_"&I34&"_"&J34="NULL_NULL_NULL_NULL","NULL","Not exist in ACTION Element Code Table")) -> FLOOR | AY34: =IF(COUNTIF('ACTION Element Code Table'!$A:$A,N34&"_"&O34&"_"&P34&"_"&Q34)=1,VLOOKUP(N34&"_"&O34&"_"&P34&"_"&Q34,'ACTION Element Code Table'!$A:$C,3,FALSE),IF(N34&"_"&O34&"_"&P34&"_"&Q34="NULL_NULL_NULL_NULL","NULL","Not exist in ACTION Element Code Table")) -> NULL | AZ34: =IF(COUNTIF('ACTION Element Code Table'!$A:$A,U34&"_"&V34&"_"&W34&"_"&X34)=1,VLOOKUP(U34&"_"&V34&"_"&W34&"_"&X34,'ACTION Element Code Table'!$A:$C,3,FALSE),IF(U34&"_"&V34&"_"&W34&"_"&X34="NULL_NULL_NULL_NULL","NULL","Not exist in ACTION Element Code Table")) -> NULL | BA34: =IF(COUNTIF('ACTION Element Code Table'!$A:$A,AB34&"_"&AC34&"_"&AD34&"_"&AE34)=1,VLOOKUP(AB34&"_"&AC34&"_"&AD34&"_"&AE34,'ACTION Element Code Table'!$A:$C,3,FALSE),IF(AB34&"_"&AC34&"_"&AD34&"_"&AE34="NULL_NULL_NULL_NULL","NULL","Not exist in ACTION Element Code Table")) -> NULL | BB34: =IF(COUNTIF('ACTION Element Code Table'!$A:$A,AI34&"_"&AJ34&"_"&AK34&"_"&AL34)=1,VLOOKUP(AI34&"_"&AJ34&"_"&AK34&"_"&AL34,'ACTION Element Code Table'!$A:$C,3,FALSE),IF(AI34&"_"&AJ34&"_"&AK34&"_"&AL34="NULL_NULL_NULL_NULL","NULL","Not exist in ACTION Element Code Table")) -> NULL | BC34: =D34&E34&G34&H34&I34&J34&F34 -> STRFLNULLNULL | BD34: =D34&E34&N34&O34&P34&Q34&F34 -> NULLNULLNULLNULL | BE34: =D34&E34&U34&V34&W34&X34&F34 -> NULLNULLNULLNULL | BF34: =D34&E34&AB34&AC34&AD34&AE34&F34 -> NULLNULLNULLNULL | BG34: =D34&E34&AI34&AJ34&AK34&AL34&F34 -> NULLNULLNULLNULL | BH34: =IF(COUNTIF($BB:$BF,BC34)>1,"Duplicated","") | BI34: =IF(COUNTIF($BB:$BF,BD34)>1,"Duplicated","") -> Duplicated | BJ34: =IF(COUNTIF($BB:$BF,BE34)>1,"Duplicated","") -> Duplicated | BK34: =IF(COUNTIF($BB:$BF,BF34)>1,"Duplicated","") -> Duplicated | BL34: =IF(COUNTIF($BB:$BF,BG34)>1,"Duplicated","") -> Duplicated | BM34: Floor | BN34: Floor
G35: STR | H35: FL | I35: FIN | J35: NULL | K35: NULL | L35: NULL | M35: NULL | N35: NULL | O35: NULL | P35: NULL | Q35: NULL | R35: NULL | S35: NULL | T35: NULL | U35: NULL | V35: NULL | W35: NULL | X35: NULL | Y35: NULL | Z35: NULL | AA35: NULL | AB35: NULL | AC35: NULL | AD35: NULL | AE35: NULL | AF35: NULL | AG35: NULL | AH35: NULL | AI35: NULL | AJ35: NULL | AK35: NULL | AL35: NULL | AM35: NULL | AN35: NULL | AO35: NULL | AP35: NULL | AQ35: NULL | AR35: NULL | AS35: NULL | AT35: NULL | AU35: NULL | AV35: NULL | AW35: NULL | AX35: =IF(COUNTIF('ACTION Element Code Table'!$A:$A,G35&"_"&H35&"_"&I35&"_"&J35)=1,VLOOKUP(G35&"_"&H35&"_"&I35&"_"&J35,'ACTION Element Code Table'!$A:$C,3,FALSE),IF(G35&"_"&H35&"_"&I35&"_"&J35="NULL_NULL_NULL_NULL","NULL","Not exist in ACTION Element Code Table")) -> FLOOR FINISHING | AY35: =IF(COUNTIF('ACTION Element Code Table'!$A:$A,N35&"_"&O35&"_"&P35&"_"&Q35)=1,VLOOKUP(N35&"_"&O35&"_"&P35&"_"&Q35,'ACTION Element Code Table'!$A:$C,3,FALSE),IF(N35&"_"&O35&"_"&P35&"_"&Q35="NULL_NULL_NULL_NULL","NULL","Not exist in ACTION Element Code Table")) -> NULL | AZ35: =IF(COUNTIF('ACTION Element Code Table'!$A:$A,U35&"_"&V35&"_"&W35&"_"&X35)=1,VLOOKUP(U35&"_"&V35&"_"&W35&"_"&X35,'ACTION Element Code Table'!$A:$C,3,FALSE),IF(U35&"_"&V35&"_"&W35&"_"&X35="NULL_NULL_NULL_NULL","NULL","Not exist in ACTION Element Code Table")) -> NULL | BA35: =IF(COUNTIF('ACTION Element Code Table'!$A:$A,AB35&"_"&AC35&"_"&AD35&"_"&AE35)=1,VLOOKUP(AB35&"_"&AC35&"_"&AD35&"_"&AE35,'ACTION Element Code Table'!$A:$C,3,FALSE),IF(AB35&"_"&AC35&"_"&AD35&"_"&AE35="NULL_NULL_NULL_NULL","NULL","Not exist in ACTION Element Code Table")) -> NULL | BB35: =IF(COUNTIF('ACTION Element Code Table'!$A:$A,AI35&"_"&AJ35&"_"&AK35&"_"&AL35)=1,VLOOKUP(AI35&"_"&AJ35&"_"&AK35&"_"&AL35,'ACTION Element Code Table'!$A:$C,3,FALSE),IF(AI35&"_"&AJ35&"_"&AK35&"_"&AL35="NULL_NULL_NULL_NULL","NULL","Not exist in ACTION Element Code Table")) -> NULL | BC35: =D35&E35&G35&H35&I35&J35&F35 -> STRFLFINNULL | BD35: =D35&E35&N35&O35&P35&Q35&F35 -> NULLNULLNULLNULL | BE35: =D35&E35&U35&V35&W35&X35&F35 -> NULLNULLNULLNULL | BF35: =D35&E35&AB35&AC35&AD35&AE35&F35 -> NULLNULLNULLNULL | BG35: =D35&E35&AI35&AJ35&AK35&AL35&F35 -> NULLNULLNULLNULL | BH35: =IF(COUNTIF($BB:$BF,BC35)>1,"Duplicated","") -> Duplicated | BI35: =IF(COUNTIF($BB:$BF,BD35)>1,"Duplicated","") -> Duplicated | BJ35: =IF(COUNTIF($BB:$BF,BE35)>1,"Duplicated","") -> Duplicated | BK35: =IF(COUNTIF($BB:$BF,BF35)>1,"Duplicated","") -> Duplicated | BL35: =IF(COUNTIF($BB:$BF,BG35)>1,"Duplicated","") -> Duplicated | BM35: Floor Finish | BN35: Finishes
G36: FF | H36: FFOT | I36: NULL | J36: NULL | K36: NULL | L36: NULL | M36: NULL | N36: NULL | O36: NULL | P36: NULL | Q36: NULL | R36: NULL | S36: NULL | T36: NULL | U36: NULL | V36: NULL | W36: NULL | X36: NULL | Y36: NULL | Z36: NULL | AA36: NULL | AB36: NULL | AC36: NULL | AD36: NULL | AE36: NULL | AF36: NULL | AG36: NULL | AH36: NULL | AI36: NULL | AJ36: NULL | AK36: NULL | AL36: NULL | AM36: NULL | AN36: NULL | AO36: NULL | AP36: NULL | AQ36: NULL | AR36: NULL | AS36: NULL | AT36: NULL | AU36: NULL | AV36: NULL | AW36: NULL | AX36: =IF(COUNTIF('ACTION Element Code Table'!$A:$A,G36&"_"&H36&"_"&I36&"_"&J36)=1,VLOOKUP(G36&"_"&H36&"_"&I36&"_"&J36,'ACTION Element Code Table'!$A:$C,3,FALSE),IF(G36&"_"&H36&"_"&I36&"_"&J36="NULL_NULL_NULL_NULL","NULL","Not exist in ACTION Element Code Table")) -> OTHER FIXTURES & FITTING | AY36: =IF(COUNTIF('ACTION Element Code Table'!$A:$A,N36&"_"&O36&"_"&P36&"_"&Q36)=1,VLOOKUP(N36&"_"&O36&"_"&P36&"_"&Q36,'ACTION Element Code Table'!$A:$C,3,FALSE),IF(N36&"_"&O36&"_"&P36&"_"&Q36="NULL_NULL_NULL_NULL","NULL","Not exist in ACTION Element Code Table")) -> NULL | AZ36: =IF(COUNTIF('ACTION Element Code Table'!$A:$A,U36&"_"&V36&"_"&W36&"_"&X36)=1,VLOOKUP(U36&"_"&V36&"_"&W36&"_"&X36,'ACTION Element Code Table'!$A:$C,3,FALSE),IF(U36&"_"&V36&"_"&W36&"_"&X36="NULL_NULL_NULL_NULL","NULL","Not exist in ACTION Element Code Table")) -> NULL | BA36: =IF(COUNTIF('ACTION Element Code Table'!$A:$A,AB36&"_"&AC36&"_"&AD36&"_"&AE36)=1,VLOOKUP(AB36&"_"&AC36&"_"&AD36&"_"&AE36,'ACTION Element Code Table'!$A:$C,3,FALSE),IF(AB36&"_"&AC36&"_"&AD36&"_"&AE36="NULL_NULL_NULL_NULL","NULL","Not exist in ACTION Element Code Table")) -> NULL | BB36: =IF(COUNTIF('ACTION Element Code Table'!$A:$A,AI36&"_"&AJ36&"_"&AK36&"_"&AL36)=1,VLOOKUP(AI36&"_"&AJ36&"_"&AK36&"_"&AL36,'ACTION Element Code Table'!$A:$C,3,FALSE),IF(AI36&"_"&AJ36&"_"&AK36&"_"&AL36="NULL_NULL_NULL_NULL","NULL","Not exist in ACTION Element Code Table")) -> NULL | BC36: =D36&E36&G36&H36&I36&J36&F36 -> FFFFOTNULLNULL | BD36: =D36&E36&N36&O36&P36&Q36&F36 -> NULLNULLNULLNULL | BE36: =D36&E36&U36&V36&W36&X36&F36 -> NULLNULLNULLNULL | BF36: =D36&E36&AB36&AC36&AD36&AE36&F36 -> NULLNULLNULLNULL | BG36: =D36&E36&AI36&AJ36&AK36&AL36&F36 -> NULLNULLNULLNULL | BH36: =IF(COUNTIF($BB:$BF,BC36)>1,"Duplicated","") -> Duplicated | BI36: =IF(COUNTIF($BB:$BF,BD36)>1,"Duplicated","") -> Duplicated | BJ36: =IF(COUNTIF($BB:$BF,BE36)>1,"Duplicated","") -> Duplicated | BK36: =IF(COUNTIF($BB:$BF,BF36)>1,"Duplicated","") -> Duplicated | BL36: =IF(COUNTIF($BB:$BF,BG36)>1,"Duplicated","") -> Duplicated | BM36: Floor Mat | BN36: Fixture
G37: EXT | H37: BOUND | I37: G | J37: G | K37: NULL | L37: NULL | M37: NULL | N37: NULL | O37: NULL | P37: NULL | Q37: NULL | R37: NULL | S37: NULL | T37: NULL | U37: NULL | V37: NULL | W37: NULL | X37: NULL | Y37: NULL | Z37: NULL | AA37: NULL | AB37: NULL | AC37: NULL | AD37: NULL | AE37: NULL | AF37: NULL | AG37: NULL | AH37: NULL | AI37: NULL | AJ37: NULL | AK37: NULL | AL37: NULL | AM37: NULL | AN37: NULL | AO37: NULL | AP37: NULL | AQ37: NULL | AR37: NULL | AS37: NULL | AT37: NULL | AU37: NULL | AV37: NULL | AW37: NULL | AX37: =IF(COUNTIF('ACTION Element Code Table'!$A:$A,G37&"_"&H37&"_"&I37&"_"&J37)=1,VLOOKUP(G37&"_"&H37&"_"&I37&"_"&J37,'ACTION Element Code Table'!$A:$C,3,FALSE),IF(G37&"_"&H37&"_"&I37&"_"&J37="NULL_NULL_NULL_NULL","NULL","Not exist in ACTION Element Code Table")) -> BOUNDARY GATE | AY37: =IF(COUNTIF('ACTION Element Code Table'!$A:$A,N37&"_"&O37&"_"&P37&"_"&Q37)=1,VLOOKUP(N37&"_"&O37&"_"&P37&"_"&Q37,'ACTION Element Code Table'!$A:$C,3,FALSE),IF(N37&"_"&O37&"_"&P37&"_"&Q37="NULL_NULL_NULL_NULL","NULL","Not exist in ACTION Element Code Table")) -> NULL | AZ37: =IF(COUNTIF('ACTION Element Code Table'!$A:$A,U37&"_"&V37&"_"&W37&"_"&X37)=1,VLOOKUP(U37&"_"&V37&"_"&W37&"_"&X37,'ACTION Element Code Table'!$A:$C,3,FALSE),IF(U37&"_"&V37&"_"&W37&"_"&X37="NULL_NULL_NULL_NULL","NULL","Not exist in ACTION Element Code Table")) -> NULL | BA37: =IF(COUNTIF('ACTION Element Code Table'!$A:$A,AB37&"_"&AC37&"_"&AD37&"_"&AE37)=1,VLOOKUP(AB37&"_"&AC37&"_"&AD37&"_"&AE37,'ACTION Element Code Table'!$A:$C,3,FALSE),IF(AB37&"_"&AC37&"_"&AD37&"_"&AE37="NULL_NULL_NULL_NULL","NULL","Not exist in ACTION Element Code Table")) -> NULL | BB37: =IF(COUNTIF('ACTION Element Code Table'!$A:$A,AI37&"_"&AJ37&"_"&AK37&"_"&AL37)=1,VLOOKUP(AI37&"_"&AJ37&"_"&AK37&"_"&AL37,'ACTION Element Code Table'!$A:$C,3,FALSE),IF(AI37&"_"&AJ37&"_"&AK37&"_"&AL37="NULL_NULL_NULL_NULL","NULL","Not exist in ACTION Element Code Table")) -> NULL | BC37: =D37&E37&G37&H37&I37&J37&F37 -> EXTBOUNDGG | BD37: =D37&E37&N37&O37&P37&Q37&F37 -> NULLNULLNULLNULL | BE37: =D37&E37&U37&V37&W37&X37&F37 -> NULLNULLNULLNULL | BF37: =D37&E37&AB37&AC37&AD37&AE37&F37 -> NULLNULLNULLNULL | BG37: =D37&E37&AI37&AJ37&AK37&AL37&F37 -> NULLNULLNULLNULL | BH37: =IF(COUNTIF($BB:$BF,BC37)>1,"Duplicated","") | BI37: =IF(COUNTIF($BB:$BF,BD37)>1,"Duplicated","") -> Duplicated | BJ37: =IF(COUNTIF($BB:$BF,BE37)>1,"Duplicated","") -> Duplicated | BK37: =IF(COUNTIF($BB:$BF,BF37)>1,"Duplicated","") -> Duplicated | BL37: =IF(COUNTIF($BB:$BF,BG37)>1,"Duplicated","") -> Duplicated | BM37: Gate | BN37: Door
G38: FF | H38: DR | I38: NULL | J38: NULL | K38: NULL | L38: NULL | M38: NULL | AX38: =IF(COUNTIF('ACTION Element Code Table'!$A:$A,G38&"_"&H38&"_"&I38&"_"&J38)=1,VLOOKUP(G38&"_"&H38&"_"&I38&"_"&J38,'ACTION Element Code Table'!$A:$C,3,FALSE),IF(G38&"_"&H38&"_"&I38&"_"&J38="NULL_NULL_NULL_NULL","NULL","Not exist in ACTION Element Code Table")) -> DOOR | BM38: General Door | BN38: Door
G39: STR | H39: WL | I39: STRU | J39: GLA | K39: NULL | L39: NULL | M39: NULL | N39: NULL | O39: NULL | P39: NULL | Q39: NULL | R39: NULL | S39: NULL | T39: NULL | U39: NULL | V39: NULL | W39: NULL | X39: NULL | Y39: NULL | Z39: NULL | AA39: NULL | AB39: NULL | AC39: NULL | AD39: NULL | AE39: NULL | AF39: NULL | AG39: NULL | AH39: NULL | AI39: NULL | AJ39: NULL | AK39: NULL | AL39: NULL | AM39: NULL | AN39: NULL | AO39: NULL | AP39: NULL | AQ39: NULL | AR39: NULL | AS39: NULL | AT39: NULL | AU39: NULL | AV39: NULL | AW39: NULL | AX39: =IF(COUNTIF('ACTION Element Code Table'!$A:$A,G39&"_"&H39&"_"&I39&"_"&J39)=1,VLOOKUP(G39&"_"&H39&"_"&I39&"_"&J39,'ACTION Element Code Table'!$A:$C,3,FALSE),IF(G39&"_"&H39&"_"&I39&"_"&J39="NULL_NULL_NULL_NULL","NULL","Not exist in ACTION Element Code Table")) -> GLASS WALL | AY39: =IF(COUNTIF('ACTION Element Code Table'!$A:$A,N39&"_"&O39&"_"&P39&"_"&Q39)=1,VLOOKUP(N39&"_"&O39&"_"&P39&"_"&Q39,'ACTION Element Code Table'!$A:$C,3,FALSE),IF(N39&"_"&O39&"_"&P39&"_"&Q39="NULL_NULL_NULL_NULL","NULL","Not exist in ACTION Element Code Table")) -> NULL | AZ39: =IF(COUNTIF('ACTION Element Code Table'!$A:$A,U39&"_"&V39&"_"&W39&"_"&X39)=1,VLOOKUP(U39&"_"&V39&"_"&W39&"_"&X39,'ACTION Element Code Table'!$A:$C,3,FALSE),IF(U39&"_"&V39&"_"&W39&"_"&X39="NULL_NULL_NULL_NULL","NULL","Not exist in ACTION Element Code Table")) -> NULL | BA39: =IF(COUNTIF('ACTION Element Code Table'!$A:$A,AB39&"_"&AC39&"_"&AD39&"_"&AE39)=1,VLOOKUP(AB39&"_"&AC39&"_"&AD39&"_"&AE39,'ACTION Element Code Table'!$A:$C,3,FALSE),IF(AB39&"_"&AC39&"_"&AD39&"_"&AE39="NULL_NULL_NULL_NULL","NULL","Not exist in ACTION Element Code Table")) -> NULL | BB39: =IF(COUNTIF('ACTION Element Code Table'!$A:$A,AI39&"_"&AJ39&"_"&AK39&"_"&AL39)=1,VLOOKUP(AI39&"_"&AJ39&"_"&AK39&"_"&AL39,'ACTION Element Code Table'!$A:$C,3,FALSE),IF(AI39&"_"&AJ39&"_"&AK39&"_"&AL39="NULL_NULL_NULL_NULL","NULL","Not exist in ACTION Element Code Table")) -> NULL | BC39: =D39&E39&G39&H39&I39&J39&F39 -> STRWLSTRUGLA | BD39: =D39&E39&N39&O39&P39&Q39&F39 -> NULLNULLNULLNULL | BE39: =D39&E39&U39&V39&W39&X39&F39 -> NULLNULLNULLNULL | BF39: =D39&E39&AB39&AC39&AD39&AE39&F39 -> NULLNULLNULLNULL | BG39: =D39&E39&AI39&AJ39&AK39&AL39&F39 -> NULLNULLNULLNULL | BH39: =IF(COUNTIF($BB:$BF,BC39)>1,"Duplicated","") | BI39: =IF(COUNTIF($BB:$BF,BD39)>1,"Duplicated","") -> Duplicated | BJ39: =IF(COUNTIF($BB:$BF,BE39)>1,"Duplicated","") -> Duplicated | BK39: =IF(COUNTIF($BB:$BF,BF39)>1,"Duplicated","") -> Duplicated | BL39: =IF(COUNTIF($BB:$BF,BG39)>1,"Duplicated","") -> Duplicated | BM39: Glass Wall | BN39: Wall
G40: FF | H40: FFOT | I40: RAGR | J40: NULL | K40: NULL | L40: NULL | M40: NULL | N40: NULL | O40: NULL | P40: NULL | Q40: NULL | R40: NULL | S40: NULL | T40: NULL | U40: NULL | V40: NULL | W40: NULL | X40: NULL | Y40: NULL | Z40: NULL | AA40: NULL | AB40: NULL | AC40: NULL | AD40: NULL | AE40: NULL | AF40: NULL | AG40: NULL | AH40: NULL | AI40: NULL | AJ40: NULL | AK40: NULL | AL40: NULL | AM40: NULL | AN40: NULL | AO40: NULL | AP40: NULL | AQ40: NULL | AR40: NULL | AS40: NULL | AT40: NULL | AU40: NULL | AV40: NULL | AW40: NULL | AX40: =IF(COUNTIF('ACTION Element Code Table'!$A:$A,G40&"_"&H40&"_"&I40&"_"&J40)=1,VLOOKUP(G40&"_"&H40&"_"&I40&"_"&J40,'ACTION Element Code Table'!$A:$C,3,FALSE),IF(G40&"_"&H40&"_"&I40&"_"&J40="NULL_NULL_NULL_NULL","NULL","Not exist in ACTION Element Code Table")) -> GRAB RAIL | AY40: =IF(COUNTIF('ACTION Element Code Table'!$A:$A,N40&"_"&O40&"_"&P40&"_"&Q40)=1,VLOOKUP(N40&"_"&O40&"_"&P40&"_"&Q40,'ACTION Element Code Table'!$A:$C,3,FALSE),IF(N40&"_"&O40&"_"&P40&"_"&Q40="NULL_NULL_NULL_NULL","NULL","Not exist in ACTION Element Code Table")) -> NULL | AZ40: =IF(COUNTIF('ACTION Element Code Table'!$A:$A,U40&"_"&V40&"_"&W40&"_"&X40)=1,VLOOKUP(U40&"_"&V40&"_"&W40&"_"&X40,'ACTION Element Code Table'!$A:$C,3,FALSE),IF(U40&"_"&V40&"_"&W40&"_"&X40="NULL_NULL_NULL_NULL","NULL","Not exist in ACTION Element Code Table")) -> NULL | BA40: =IF(COUNTIF('ACTION Element Code Table'!$A:$A,AB40&"_"&AC40&"_"&AD40&"_"&AE40)=1,VLOOKUP(AB40&"_"&AC40&"_"&AD40&"_"&AE40,'ACTION Element Code Table'!$A:$C,3,FALSE),IF(AB40&"_"&AC40&"_"&AD40&"_"&AE40="NULL_NULL_NULL_NULL","NULL","Not exist in ACTION Element Code Table")) -> NULL | BB40: =IF(COUNTIF('ACTION Element Code Table'!$A:$A,AI40&"_"&AJ40&"_"&AK40&"_"&AL40)=1,VLOOKUP(AI40&"_"&AJ40&"_"&AK40&"_"&AL40,'ACTION Element Code Table'!$A:$C,3,FALSE),IF(AI40&"_"&AJ40&"_"&AK40&"_"&AL40="NULL_NULL_NULL_NULL","NULL","Not exist in ACTION Element Code Table")) -> NULL | BC40: =D40&E40&G40&H40&I40&J40&F40 -> FFFFOTRAGRNULL | BD40: =D40&E40&N40&O40&P40&Q40&F40 -> NULLNULLNULLNULL | BE40: =D40&E40&U40&V40&W40&X40&F40 -> NULLNULLNULLNULL | BF40: =D40&E40&AB40&AC40&AD40&AE40&F40 -> NULLNULLNULLNULL | BG40: =D40&E40&AI40&AJ40&AK40&AL40&F40 -> NULLNULLNULLNULL | BH40: =IF(COUNTIF($BB:$BF,BC40)>1,"Duplicated","") | BI40: =IF(COUNTIF($BB:$BF,BD40)>1,"Duplicated","") -> Duplicated | BJ40: =IF(COUNTIF($BB:$BF,BE40)>1,"Duplicated","") -> Duplicated | BK40: =IF(COUNTIF($BB:$BF,BF40)>1,"Duplicated","") -> Duplicated | BL40: =IF(COUNTIF($BB:$BF,BG40)>1,"Duplicated","") -> Duplicated | BM40: Grab Bar/ Grab Rail
G41: SPE | H41: SPEOT | I41: NULL | J41: NULL | K41: NULL | L41: NULL | M41: NULL | N41: NULL | O41: NULL | P41: NULL | Q41: NULL | R41: NULL | S41: NULL | T41: NULL | U41: NULL | V41: NULL | W41: NULL | X41: NULL | Y41: NULL | Z41: NULL | AA41: NULL | AB41: NULL | AC41: NULL | AD41: NULL | AE41: NULL | AF41: NULL | AG41: NULL | AH41: NULL | AI41: NULL | AJ41: NULL | AK41: NULL | AL41: NULL | AM41: NULL | AN41: NULL | AO41: NULL | AP41: NULL | AQ41: NULL | AR41: NULL | AS41: NULL | AT41: NULL | AU41: NULL | AV41: NULL | AW41: NULL | AX41: =IF(COUNTIF('ACTION Element Code Table'!$A:$A,G41&"_"&H41&"_"&I41&"_"&J41)=1,VLOOKUP(G41&"_"&H41&"_"&I41&"_"&J41,'ACTION Element Code Table'!$A:$C,3,FALSE),IF(G41&"_"&H41&"_"&I41&"_"&J41="NULL_NULL_NULL_NULL","NULL","Not exist in ACTION Element Code Table")) -> SPECIAL FACILITIES | AY41: =IF(COUNTIF('ACTION Element Code Table'!$A:$A,N41&"_"&O41&"_"&P41&"_"&Q41)=1,VLOOKUP(N41&"_"&O41&"_"&P41&"_"&Q41,'ACTION Element Code Table'!$A:$C,3,FALSE),IF(N41&"_"&O41&"_"&P41&"_"&Q41="NULL_NULL_NULL_NULL","NULL","Not exist in ACTION Element Code Table")) -> NULL | AZ41: =IF(COUNTIF('ACTION Element Code Table'!$A:$A,U41&"_"&V41&"_"&W41&"_"&X41)=1,VLOOKUP(U41&"_"&V41&"_"&W41&"_"&X41,'ACTION Element Code Table'!$A:$C,3,FALSE),IF(U41&"_"&V41&"_"&W41&"_"&X41="NULL_NULL_NULL_NULL","NULL","Not exist in ACTION Element Code Table")) -> NULL | BA41: =IF(COUNTIF('ACTION Element Code Table'!$A:$A,AB41&"_"&AC41&"_"&AD41&"_"&AE41)=1,VLOOKUP(AB41&"_"&AC41&"_"&AD41&"_"&AE41,'ACTION Element Code Table'!$A:$C,3,FALSE),IF(AB41&"_"&AC41&"_"&AD41&"_"&AE41="NULL_NULL_NULL_NULL","NULL","Not exist in ACTION Element Code Table")) -> NULL | BB41: =IF(COUNTIF('ACTION Element Code Table'!$A:$A,AI41&"_"&AJ41&"_"&AK41&"_"&AL41)=1,VLOOKUP(AI41&"_"&AJ41&"_"&AK41&"_"&AL41,'ACTION Element Code Table'!$A:$C,3,FALSE),IF(AI41&"_"&AJ41&"_"&AK41&"_"&AL41="NULL_NULL_NULL_NULL","NULL","Not exist in ACTION Element Code Table")) -> NULL | BC41: =D41&E41&G41&H41&I41&J41&F41 -> SPESPEOTNULLNULL | BD41: =D41&E41&N41&O41&P41&Q41&F41 -> NULLNULLNULLNULL | BE41: =D41&E41&U41&V41&W41&X41&F41 -> NULLNULLNULLNULL | BF41: =D41&E41&AB41&AC41&AD41&AE41&F41 -> NULLNULLNULLNULL | BG41: =D41&E41&AI41&AJ41&AK41&AL41&F41 -> NULLNULLNULLNULL | BH41: =IF(COUNTIF($BB:$BF,BC41)>1,"Duplicated","") | BI41: =IF(COUNTIF($BB:$BF,BD41)>1,"Duplicated","") -> Duplicated | BJ41: =IF(COUNTIF($BB:$BF,BE41)>1,"Duplicated","") -> Duplicated | BK41: =IF(COUNTIF($BB:$BF,BF41)>1,"Duplicated","") -> Duplicated | BL41: =IF(COUNTIF($BB:$BF,BG41)>1,"Duplicated","") -> Duplicated | BM41: Guard House
G42: LP | H42: LPD01 | I42: NULL | J42: NULL | K42: NULL | L42: NULL | M42: NULL | N42: NULL | O42: NULL | P42: NULL | Q42: NULL | R42: NULL | S42: NULL | T42: NULL | U42: NULL | V42: NULL | W42: NULL | X42: NULL | Y42: NULL | Z42: NULL | AA42: NULL | AB42: NULL | AC42: NULL | AD42: NULL | AE42: NULL | AF42: NULL | AG42: NULL | AH42: NULL | AI42: NULL | AJ42: NULL | AK42: NULL | AL42: NULL | AM42: NULL | AN42: NULL | AO42: NULL | AP42: NULL | AQ42: NULL | AR42: NULL | AS42: NULL | AT42: NULL | AU42: NULL | AV42: NULL | AW42: NULL | AX42: =IF(COUNTIF('ACTION Element Code Table'!$A:$A,G42&"_"&H42&"_"&I42&"_"&J42)=1,VLOOKUP(G42&"_"&H42&"_"&I42&"_"&J42,'ACTION Element Code Table'!$A:$C,3,FALSE),IF(G42&"_"&H42&"_"&I42&"_"&J42="NULL_NULL_NULL_NULL","NULL","Not exist in ACTION Element Code Table")) -> Heater | AY42: =IF(COUNTIF('ACTION Element Code Table'!$A:$A,N42&"_"&O42&"_"&P42&"_"&Q42)=1,VLOOKUP(N42&"_"&O42&"_"&P42&"_"&Q42,'ACTION Element Code Table'!$A:$C,3,FALSE),IF(N42&"_"&O42&"_"&P42&"_"&Q42="NULL_NULL_NULL_NULL","NULL","Not exist in ACTION Element Code Table")) -> NULL | AZ42: =IF(COUNTIF('ACTION Element Code Table'!$A:$A,U42&"_"&V42&"_"&W42&"_"&X42)=1,VLOOKUP(U42&"_"&V42&"_"&W42&"_"&X42,'ACTION Element Code Table'!$A:$C,3,FALSE),IF(U42&"_"&V42&"_"&W42&"_"&X42="NULL_NULL_NULL_NULL","NULL","Not exist in ACTION Element Code Table")) -> NULL | BA42: =IF(COUNTIF('ACTION Element Code Table'!$A:$A,AB42&"_"&AC42&"_"&AD42&"_"&AE42)=1,VLOOKUP(AB42&"_"&AC42&"_"&AD42&"_"&AE42,'ACTION Element Code Table'!$A:$C,3,FALSE),IF(AB42&"_"&AC42&"_"&AD42&"_"&AE42="NULL_NULL_NULL_NULL","NULL","Not exist in ACTION Element Code Table")) -> NULL | BB42: =IF(COUNTIF('ACTION Element Code Table'!$A:$A,AI42&"_"&AJ42&"_"&AK42&"_"&AL42)=1,VLOOKUP(AI42&"_"&AJ42&"_"&AK42&"_"&AL42,'ACTION Element Code Table'!$A:$C,3,FALSE),IF(AI42&"_"&AJ42&"_"&AK42&"_"&AL42="NULL_NULL_NULL_NULL","NULL","Not exist in ACTION Element Code Table")) -> NULL | BC42: =D42&E42&G42&H42&I42&J42&F42 -> LPLPD01NULLNULL | BD42: =D42&E42&N42&O42&P42&Q42&F42 -> NULLNULLNULLNULL | BE42: =D42&E42&U42&V42&W42&X42&F42 -> NULLNULLNULLNULL | BF42: =D42&E42&AB42&AC42&AD42&AE42&F42 -> NULLNULLNULLNULL | BG42: =D42&E42&AI42&AJ42&AK42&AL42&F42 -> NULLNULLNULLNULL | BH42: =IF(COUNTIF($BB:$BF,BC42)>1,"Duplicated","") | BI42: =IF(COUNTIF($BB:$BF,BD42)>1,"Duplicated","") -> Duplicated | BJ42: =IF(COUNTIF($BB:$BF,BE42)>1,"Duplicated","") -> Duplicated | BK42: =IF(COUNTIF($BB:$BF,BF42)>1,"Duplicated","") -> Duplicated | BL42: =IF(COUNTIF($BB:$BF,BG42)>1,"Duplicated","") -> Duplicated | BM42: Heater
G43: LF | H43: LF0025 | I43: NULL | J43: NULL | K43: NULL | L43: NULL | M43: NULL | N43: NULL | O43: NULL | P43: NULL | Q43: NULL | R43: NULL | S43: NULL | T43: NULL | U43: NULL | V43: NULL | W43: NULL | X43: NULL | Y43: NULL | Z43: NULL | AA43: NULL | AB43: NULL | AC43: NULL | AD43: NULL | AE43: NULL | AF43: NULL | AG43: NULL | AH43: NULL | AI43: NULL | AJ43: NULL | AK43: NULL | AL43: NULL | AM43: NULL | AN43: NULL | AO43: NULL | AP43: NULL | AQ43: NULL | AR43: NULL | AS43: NULL | AT43: NULL | AU43: NULL | AV43: NULL | AW43: NULL | AX43: =IF(COUNTIF('ACTION Element Code Table'!$A:$A,G43&"_"&H43&"_"&I43&"_"&J43)=1,VLOOKUP(G43&"_"&H43&"_"&I43&"_"&J43,'ACTION Element Code Table'!$A:$C,3,FALSE),IF(G43&"_"&H43&"_"&I43&"_"&J43="NULL_NULL_NULL_NULL","NULL","Not exist in ACTION Element Code Table")) -> Indoor Escalator | AY43: =IF(COUNTIF('ACTION Element Code Table'!$A:$A,N43&"_"&O43&"_"&P43&"_"&Q43)=1,VLOOKUP(N43&"_"&O43&"_"&P43&"_"&Q43,'ACTION Element Code Table'!$A:$C,3,FALSE),IF(N43&"_"&O43&"_"&P43&"_"&Q43="NULL_NULL_NULL_NULL","NULL","Not exist in ACTION Element Code Table")) -> NULL | AZ43: =IF(COUNTIF('ACTION Element Code Table'!$A:$A,U43&"_"&V43&"_"&W43&"_"&X43)=1,VLOOKUP(U43&"_"&V43&"_"&W43&"_"&X43,'ACTION Element Code Table'!$A:$C,3,FALSE),IF(U43&"_"&V43&"_"&W43&"_"&X43="NULL_NULL_NULL_NULL","NULL","Not exist in ACTION Element Code Table")) -> NULL | BA43: =IF(COUNTIF('ACTION Element Code Table'!$A:$A,AB43&"_"&AC43&"_"&AD43&"_"&AE43)=1,VLOOKUP(AB43&"_"&AC43&"_"&AD43&"_"&AE43,'ACTION Element Code Table'!$A:$C,3,FALSE),IF(AB43&"_"&AC43&"_"&AD43&"_"&AE43="NULL_NULL_NULL_NULL","NULL","Not exist in ACTION Element Code Table")) -> NULL | BB43: =IF(COUNTIF('ACTION Element Code Table'!$A:$A,AI43&"_"&AJ43&"_"&AK43&"_"&AL43)=1,VLOOKUP(AI43&"_"&AJ43&"_"&AK43&"_"&AL43,'ACTION Element Code Table'!$A:$C,3,FALSE),IF(AI43&"_"&AJ43&"_"&AK43&"_"&AL43="NULL_NULL_NULL_NULL","NULL","Not exist in ACTION Element Code Table")) -> NULL | BC43: =D43&E43&G43&H43&I43&J43&F43 -> LFLF0025NULLNULL | BD43: =D43&E43&N43&O43&P43&Q43&F43 -> NULLNULLNULLNULL | BE43: =D43&E43&U43&V43&W43&X43&F43 -> NULLNULLNULLNULL | BF43: =D43&E43&AB43&AC43&AD43&AE43&F43 -> NULLNULLNULLNULL | BG43: =D43&E43&AI43&AJ43&AK43&AL43&F43 -> NULLNULLNULLNULL | BH43: =IF(COUNTIF($BB:$BF,BC43)>1,"Duplicated","") | BI43: =IF(COUNTIF($BB:$BF,BD43)>1,"Duplicated","") -> Duplicated | BJ43: =IF(COUNTIF($BB:$BF,BE43)>1,"Duplicated","") -> Duplicated | BK43: =IF(COUNTIF($BB:$BF,BF43)>1,"Duplicated","") -> Duplicated | BL43: =IF(COUNTIF($BB:$BF,BG43)>1,"Duplicated","") -> Duplicated | BM43: Indoor Escalator | BN43: Escalator
G44: LF | H44: NULL | I44: NULL | J44: NULL | K44: NULL | L44: NULL | M44: NULL | N44: NULL | O44: NULL | P44: NULL | Q44: NULL | R44: NULL | S44: NULL | T44: NULL | U44: NULL | V44: NULL | W44: NULL | X44: NULL | Y44: NULL | Z44: NULL | AA44: NULL | AB44: NULL | AC44: NULL | AD44: NULL | AE44: NULL | AF44: NULL | AG44: NULL | AH44: NULL | AI44: NULL | AJ44: NULL | AK44: NULL | AL44: NULL | AM44: NULL | AN44: NULL | AO44: NULL | AP44: NULL | AQ44: NULL | AR44: NULL | AS44: NULL | AT44: NULL | AU44: NULL | AV44: NULL | AW44: NULL | AX44: =IF(COUNTIF('ACTION Element Code Table'!$A:$A,G44&"_"&H44&"_"&I44&"_"&J44)=1,VLOOKUP(G44&"_"&H44&"_"&I44&"_"&J44,'ACTION Element Code Table'!$A:$C,3,FALSE),IF(G44&"_"&H44&"_"&I44&"_"&J44="NULL_NULL_NULL_NULL","NULL","Not exist in ACTION Element Code Table")) -> LIFT & ESCALATOR | AY44: =IF(COUNTIF('ACTION Element Code Table'!$A:$A,N44&"_"&O44&"_"&P44&"_"&Q44)=1,VLOOKUP(N44&"_"&O44&"_"&P44&"_"&Q44,'ACTION Element Code Table'!$A:$C,3,FALSE),IF(N44&"_"&O44&"_"&P44&"_"&Q44="NULL_NULL_NULL_NULL","NULL","Not exist in ACTION Element Code Table")) -> NULL | AZ44: =IF(COUNTIF('ACTION Element Code Table'!$A:$A,U44&"_"&V44&"_"&W44&"_"&X44)=1,VLOOKUP(U44&"_"&V44&"_"&W44&"_"&X44,'ACTION Element Code Table'!$A:$C,3,FALSE),IF(U44&"_"&V44&"_"&W44&"_"&X44="NULL_NULL_NULL_NULL","NULL","Not exist in ACTION Element Code Table")) -> NULL | BA44: =IF(COUNTIF('ACTION Element Code Table'!$A:$A,AB44&"_"&AC44&"_"&AD44&"_"&AE44)=1,VLOOKUP(AB44&"_"&AC44&"_"&AD44&"_"&AE44,'ACTION Element Code Table'!$A:$C,3,FALSE),IF(AB44&"_"&AC44&"_"&AD44&"_"&AE44="NULL_NULL_NULL_NULL","NULL","Not exist in ACTION Element Code Table")) -> NULL | BB44: =IF(COUNTIF('ACTION Element Code Table'!$A:$A,AI44&"_"&AJ44&"_"&AK44&"_"&AL44)=1,VLOOKUP(AI44&"_"&AJ44&"_"&AK44&"_"&AL44,'ACTION Element Code Table'!$A:$C,3,FALSE),IF(AI44&"_"&AJ44&"_"&AK44&"_"&AL44="NULL_NULL_NULL_NULL","NULL","Not exist in ACTION Element Code Table")) -> NULL | BC44: =D44&E44&G44&H44&I44&J44&F44 -> LFNULLNULLNULL | BD44: =D44&E44&N44&O44&P44&Q44&F44 -> NULLNULLNULLNULL | BE44: =D44&E44&U44&V44&W44&X44&F44 -> NULLNULLNULLNULL | BF44: =D44&E44&AB44&AC44&AD44&AE44&F44 -> NULLNULLNULLNULL | BG44: =D44&E44&AI44&AJ44&AK44&AL44&F44 -> NULLNULLNULLNULL | BH44: =IF(COUNTIF($BB:$BF,BC44)>1,"Duplicated","") | BI44: =IF(COUNTIF($BB:$BF,BD44)>1,"Duplicated","") -> Duplicated | BJ44: =IF(COUNTIF($BB:$BF,BE44)>1,"Duplicated","") -> Duplicated | BK44: =IF(COUNTIF($BB:$BF,BF44)>1,"Duplicated","") -> Duplicated | BL44: =IF(COUNTIF($BB:$BF,BG44)>1,"Duplicated","") -> Duplicated | BM44: Lift | BN44: Lift
G45: EE | H45: EE09 | I45: NULL | J45: NULL | K45: NULL | L45: NULL | M45: NULL | N45: NULL | O45: NULL | P45: NULL | Q45: NULL | R45: NULL | S45: NULL | T45: NULL | U45: NULL | V45: NULL | W45: NULL | X45: NULL | Y45: NULL | Z45: NULL | AA45: NULL | AB45: NULL | AC45: NULL | AD45: NULL | AE45: NULL | AF45: NULL | AG45: NULL | AH45: NULL | AI45: NULL | AJ45: NULL | AK45: NULL | AL45: NULL | AM45: NULL | AN45: NULL | AO45: NULL | AP45: NULL | AQ45: NULL | AR45: NULL | AS45: NULL | AT45: NULL | AU45: NULL | AV45: NULL | AW45: NULL | AX45: =IF(COUNTIF('ACTION Element Code Table'!$A:$A,G45&"_"&H45&"_"&I45&"_"&J45)=1,VLOOKUP(G45&"_"&H45&"_"&I45&"_"&J45,'ACTION Element Code Table'!$A:$C,3,FALSE),IF(G45&"_"&H45&"_"&I45&"_"&J45="NULL_NULL_NULL_NULL","NULL","Not exist in ACTION Element Code Table")) -> Sub-switches | AY45: =IF(COUNTIF('ACTION Element Code Table'!$A:$A,N45&"_"&O45&"_"&P45&"_"&Q45)=1,VLOOKUP(N45&"_"&O45&"_"&P45&"_"&Q45,'ACTION Element Code Table'!$A:$C,3,FALSE),IF(N45&"_"&O45&"_"&P45&"_"&Q45="NULL_NULL_NULL_NULL","NULL","Not exist in ACTION Element Code Table")) -> NULL | AZ45: =IF(COUNTIF('ACTION Element Code Table'!$A:$A,U45&"_"&V45&"_"&W45&"_"&X45)=1,VLOOKUP(U45&"_"&V45&"_"&W45&"_"&X45,'ACTION Element Code Table'!$A:$C,3,FALSE),IF(U45&"_"&V45&"_"&W45&"_"&X45="NULL_NULL_NULL_NULL","NULL","Not exist in ACTION Element Code Table")) -> NULL | BA45: =IF(COUNTIF('ACTION Element Code Table'!$A:$A,AB45&"_"&AC45&"_"&AD45&"_"&AE45)=1,VLOOKUP(AB45&"_"&AC45&"_"&AD45&"_"&AE45,'ACTION Element Code Table'!$A:$C,3,FALSE),IF(AB45&"_"&AC45&"_"&AD45&"_"&AE45="NULL_NULL_NULL_NULL","NULL","Not exist in ACTION Element Code Table")) -> NULL | BB45: =IF(COUNTIF('ACTION Element Code Table'!$A:$A,AI45&"_"&AJ45&"_"&AK45&"_"&AL45)=1,VLOOKUP(AI45&"_"&AJ45&"_"&AK45&"_"&AL45,'ACTION Element Code Table'!$A:$C,3,FALSE),IF(AI45&"_"&AJ45&"_"&AK45&"_"&AL45="NULL_NULL_NULL_NULL","NULL","Not exist in ACTION Element Code Table")) -> NULL | BC45: =D45&E45&G45&H45&I45&J45&F45 -> EEEE09NULLNULL | BD45: =D45&E45&N45&O45&P45&Q45&F45 -> NULLNULLNULLNULL | BE45: =D45&E45&U45&V45&W45&X45&F45 -> NULLNULLNULLNULL | BF45: =D45&E45&AB45&AC45&AD45&AE45&F45 -> NULLNULLNULLNULL | BG45: =D45&E45&AI45&AJ45&AK45&AL45&F45 -> NULLNULLNULLNULL | BH45: =IF(COUNTIF($BB:$BF,BC45)>1,"Duplicated","") | BI45: =IF(COUNTIF($BB:$BF,BD45)>1,"Duplicated","") -> Duplicated | BJ45: =IF(COUNTIF($BB:$BF,BE45)>1,"Duplicated","") -> Duplicated | BK45: =IF(COUNTIF($BB:$BF,BF45)>1,"Duplicated","") -> Duplicated | BL45: =IF(COUNTIF($BB:$BF,BG45)>1,"Duplicated","") -> Duplicated | BM45: Lift Button | BN45: Lift
G46: BA | H46: BA01 | I46: BA0035 | J46: NULL | K46: NULL | L46: NULL | M46: NULL | N46: NULL | O46: NULL | P46: NULL | Q46: NULL | R46: NULL | S46: NULL | T46: NULL | U46: NULL | V46: NULL | W46: NULL | X46: NULL | Y46: NULL | Z46: NULL | AA46: NULL | AB46: NULL | AC46: NULL | AD46: NULL | AE46: NULL | AF46: NULL | AG46: NULL | AH46: NULL | AI46: NULL | AJ46: NULL | AK46: NULL | AL46: NULL | AM46: NULL | AN46: NULL | AO46: NULL | AP46: NULL | AQ46: NULL | AR46: NULL | AS46: NULL | AT46: NULL | AU46: NULL | AV46: NULL | AW46: NULL | AX46: =IF(COUNTIF('ACTION Element Code Table'!$A:$A,G46&"_"&H46&"_"&I46&"_"&J46)=1,VLOOKUP(G46&"_"&H46&"_"&I46&"_"&J46,'ACTION Element Code Table'!$A:$C,3,FALSE),IF(G46&"_"&H46&"_"&I46&"_"&J46="NULL_NULL_NULL_NULL","NULL","Not exist in ACTION Element Code Table")) -> Control and monitoring device | AY46: =IF(COUNTIF('ACTION Element Code Table'!$A:$A,N46&"_"&O46&"_"&P46&"_"&Q46)=1,VLOOKUP(N46&"_"&O46&"_"&P46&"_"&Q46,'ACTION Element Code Table'!$A:$C,3,FALSE),IF(N46&"_"&O46&"_"&P46&"_"&Q46="NULL_NULL_NULL_NULL","NULL","Not exist in ACTION Element Code Table")) -> NULL | AZ46: =IF(COUNTIF('ACTION Element Code Table'!$A:$A,U46&"_"&V46&"_"&W46&"_"&X46)=1,VLOOKUP(U46&"_"&V46&"_"&W46&"_"&X46,'ACTION Element Code Table'!$A:$C,3,FALSE),IF(U46&"_"&V46&"_"&W46&"_"&X46="NULL_NULL_NULL_NULL","NULL","Not exist in ACTION Element Code Table")) -> NULL | BA46: =IF(COUNTIF('ACTION Element Code Table'!$A:$A,AB46&"_"&AC46&"_"&AD46&"_"&AE46)=1,VLOOKUP(AB46&"_"&AC46&"_"&AD46&"_"&AE46,'ACTION Element Code Table'!$A:$C,3,FALSE),IF(AB46&"_"&AC46&"_"&AD46&"_"&AE46="NULL_NULL_NULL_NULL","NULL","Not exist in ACTION Element Code Table")) -> NULL | BB46: =IF(COUNTIF('ACTION Element Code Table'!$A:$A,AI46&"_"&AJ46&"_"&AK46&"_"&AL46)=1,VLOOKUP(AI46&"_"&AJ46&"_"&AK46&"_"&AL46,'ACTION Element Code Table'!$A:$C,3,FALSE),IF(AI46&"_"&AJ46&"_"&AK46&"_"&AL46="NULL_NULL_NULL_NULL","NULL","Not exist in ACTION Element Code Table")) -> NULL | BC46: =D46&E46&G46&H46&I46&J46&F46 -> BABA01BA0035NULL | BD46: =D46&E46&N46&O46&P46&Q46&F46 -> NULLNULLNULLNULL | BE46: =D46&E46&U46&V46&W46&X46&F46 -> NULLNULLNULLNULL | BF46: =D46&E46&AB46&AC46&AD46&AE46&F46 -> NULLNULLNULLNULL | BG46: =D46&E46&AI46&AJ46&AK46&AL46&F46 -> NULLNULLNULLNULL | BH46: =IF(COUNTIF($BB:$BF,BC46)>1,"Duplicated","") | BI46: =IF(COUNTIF($BB:$BF,BD46)>1,"Duplicated","") -> Duplicated | BJ46: =IF(COUNTIF($BB:$BF,BE46)>1,"Duplicated","") -> Duplicated | BK46: =IF(COUNTIF($BB:$BF,BF46)>1,"Duplicated","") -> Duplicated | BL46: =IF(COUNTIF($BB:$BF,BG46)>1,"Duplicated","") -> Duplicated | BM46: Lift Monitor | BN46: Lift
G47: FF | H47: FFOT | I47: NULL | J47: NULL | K47: NULL | L47: NULL | M47: NULL | N47: NULL | O47: NULL | P47: NULL | Q47: NULL | R47: NULL | S47: NULL | T47: NULL | U47: NULL | V47: NULL | W47: NULL | X47: NULL | Y47: NULL | Z47: NULL | AA47: NULL | AB47: NULL | AC47: NULL | AD47: NULL | AE47: NULL | AF47: NULL | AG47: NULL | AH47: NULL | AI47: NULL | AJ47: NULL | AK47: NULL | AL47: NULL | AM47: NULL | AN47: NULL | AO47: NULL | AP47: NULL | AQ47: NULL | AR47: NULL | AS47: NULL | AT47: NULL | AU47: NULL | AV47: NULL | AW47: NULL | AX47: =IF(COUNTIF('ACTION Element Code Table'!$A:$A,G47&"_"&H47&"_"&I47&"_"&J47)=1,VLOOKUP(G47&"_"&H47&"_"&I47&"_"&J47,'ACTION Element Code Table'!$A:$C,3,FALSE),IF(G47&"_"&H47&"_"&I47&"_"&J47="NULL_NULL_NULL_NULL","NULL","Not exist in ACTION Element Code Table")) -> OTHER FIXTURES & FITTING | AY47: =IF(COUNTIF('ACTION Element Code Table'!$A:$A,N47&"_"&O47&"_"&P47&"_"&Q47)=1,VLOOKUP(N47&"_"&O47&"_"&P47&"_"&Q47,'ACTION Element Code Table'!$A:$C,3,FALSE),IF(N47&"_"&O47&"_"&P47&"_"&Q47="NULL_NULL_NULL_NULL","NULL","Not exist in ACTION Element Code Table")) -> NULL | AZ47: =IF(COUNTIF('ACTION Element Code Table'!$A:$A,U47&"_"&V47&"_"&W47&"_"&X47)=1,VLOOKUP(U47&"_"&V47&"_"&W47&"_"&X47,'ACTION Element Code Table'!$A:$C,3,FALSE),IF(U47&"_"&V47&"_"&W47&"_"&X47="NULL_NULL_NULL_NULL","NULL","Not exist in ACTION Element Code Table")) -> NULL | BA47: =IF(COUNTIF('ACTION Element Code Table'!$A:$A,AB47&"_"&AC47&"_"&AD47&"_"&AE47)=1,VLOOKUP(AB47&"_"&AC47&"_"&AD47&"_"&AE47,'ACTION Element Code Table'!$A:$C,3,FALSE),IF(AB47&"_"&AC47&"_"&AD47&"_"&AE47="NULL_NULL_NULL_NULL","NULL","Not exist in ACTION Element Code Table")) -> NULL | BB47: =IF(COUNTIF('ACTION Element Code Table'!$A:$A,AI47&"_"&AJ47&"_"&AK47&"_"&AL47)=1,VLOOKUP(AI47&"_"&AJ47&"_"&AK47&"_"&AL47,'ACTION Element Code Table'!$A:$C,3,FALSE),IF(AI47&"_"&AJ47&"_"&AK47&"_"&AL47="NULL_NULL_NULL_NULL","NULL","Not exist in ACTION Element Code Table")) -> NULL | BC47: =D47&E47&G47&H47&I47&J47&F47 -> FFFFOTNULLNULL | BD47: =D47&E47&N47&O47&P47&Q47&F47 -> NULLNULLNULLNULL | BE47: =D47&E47&U47&V47&W47&X47&F47 -> NULLNULLNULLNULL | BF47: =D47&E47&AB47&AC47&AD47&AE47&F47 -> NULLNULLNULLNULL | BG47: =D47&E47&AI47&AJ47&AK47&AL47&F47 -> NULLNULLNULLNULL | BH47: =IF(COUNTIF($BB:$BF,BC47)>1,"Duplicated","") -> Duplicated | BI47: =IF(COUNTIF($BB:$BF,BD47)>1,"Duplicated","") -> Duplicated | BJ47: =IF(COUNTIF($BB:$BF,BE47)>1,"Duplicated","") -> Duplicated | BK47: =IF(COUNTIF($BB:$BF,BF47)>1,"Duplicated","") -> Duplicated | BL47: =IF(COUNTIF($BB:$BF,BG47)>1,"Duplicated","") -> Duplicated | BM47: Locker | BN47: Fixture
G48: FF | H48: WIN | I48: NULL | J48: NULL | K48: NULL | L48: NULL | M48: NULL | N48: NULL | O48: NULL | P48: NULL | Q48: NULL | R48: NULL | S48: NULL | T48: NULL | U48: NULL | V48: NULL | W48: NULL | X48: NULL | Y48: NULL | Z48: NULL | AA48: NULL | AB48: NULL | AC48: NULL | AD48: NULL | AE48: NULL | AF48: NULL | AG48: NULL | AH48: NULL | AI48: NULL | AJ48: NULL | AK48: NULL | AL48: NULL | AM48: NULL | AN48: NULL | AO48: NULL | AP48: NULL | AQ48: NULL | AR48: NULL | AS48: NULL | AT48: NULL | AU48: NULL | AV48: NULL | AW48: NULL | AX48: =IF(COUNTIF('ACTION Element Code Table'!$A:$A,G48&"_"&H48&"_"&I48&"_"&J48)=1,VLOOKUP(G48&"_"&H48&"_"&I48&"_"&J48,'ACTION Element Code Table'!$A:$C,3,FALSE),IF(G48&"_"&H48&"_"&I48&"_"&J48="NULL_NULL_NULL_NULL","NULL","Not exist in ACTION Element Code Table")) -> WINDOW | AY48: =IF(COUNTIF('ACTION Element Code Table'!$A:$A,N48&"_"&O48&"_"&P48&"_"&Q48)=1,VLOOKUP(N48&"_"&O48&"_"&P48&"_"&Q48,'ACTION Element Code Table'!$A:$C,3,FALSE),IF(N48&"_"&O48&"_"&P48&"_"&Q48="NULL_NULL_NULL_NULL","NULL","Not exist in ACTION Element Code Table")) -> NULL | AZ48: =IF(COUNTIF('ACTION Element Code Table'!$A:$A,U48&"_"&V48&"_"&W48&"_"&X48)=1,VLOOKUP(U48&"_"&V48&"_"&W48&"_"&X48,'ACTION Element Code Table'!$A:$C,3,FALSE),IF(U48&"_"&V48&"_"&W48&"_"&X48="NULL_NULL_NULL_NULL","NULL","Not exist in ACTION Element Code Table")) -> NULL | BA48: =IF(COUNTIF('ACTION Element Code Table'!$A:$A,AB48&"_"&AC48&"_"&AD48&"_"&AE48)=1,VLOOKUP(AB48&"_"&AC48&"_"&AD48&"_"&AE48,'ACTION Element Code Table'!$A:$C,3,FALSE),IF(AB48&"_"&AC48&"_"&AD48&"_"&AE48="NULL_NULL_NULL_NULL","NULL","Not exist in ACTION Element Code Table")) -> NULL | BB48: =IF(COUNTIF('ACTION Element Code Table'!$A:$A,AI48&"_"&AJ48&"_"&AK48&"_"&AL48)=1,VLOOKUP(AI48&"_"&AJ48&"_"&AK48&"_"&AL48,'ACTION Element Code Table'!$A:$C,3,FALSE),IF(AI48&"_"&AJ48&"_"&AK48&"_"&AL48="NULL_NULL_NULL_NULL","NULL","Not exist in ACTION Element Code Table")) -> NULL | BC48: =D48&E48&G48&H48&I48&J48&F48 -> FFWINNULLNULL | BD48: =D48&E48&N48&O48&P48&Q48&F48 -> NULLNULLNULLNULL | BE48: =D48&E48&U48&V48&W48&X48&F48 -> NULLNULLNULLNULL | BF48: =D48&E48&AB48&AC48&AD48&AE48&F48 -> NULLNULLNULLNULL | BG48: =D48&E48&AI48&AJ48&AK48&AL48&F48 -> NULLNULLNULLNULL | BH48: =IF(COUNTIF($BB:$BF,BC48)>1,"Duplicated","") | BI48: =IF(COUNTIF($BB:$BF,BD48)>1,"Duplicated","") -> Duplicated | BJ48: =IF(COUNTIF($BB:$BF,BE48)>1,"Duplicated","") -> Duplicated | BK48: =IF(COUNTIF($BB:$BF,BF48)>1,"Duplicated","") -> Duplicated | BL48: =IF(COUNTIF($BB:$BF,BG48)>1,"Duplicated","") -> Duplicated | BM48: Louvre | BN48: Louvre
G49: FF | H49: FFOT | I49: MIR | J49: NULL | K49: NULL | L49: NULL | M49: NULL | N49: NULL | O49: NULL | P49: NULL | Q49: NULL | R49: NULL | S49: NULL | T49: NULL | U49: NULL | V49: NULL | W49: NULL | X49: NULL | Y49: NULL | Z49: NULL | AA49: NULL | AB49: NULL | AC49: NULL | AD49: NULL | AE49: NULL | AF49: NULL | AG49: NULL | AH49: NULL | AI49: NULL | AJ49: NULL | AK49: NULL | AL49: NULL | AM49: NULL | AN49: NULL | AO49: NULL | AP49: NULL | AQ49: NULL | AR49: NULL | AS49: NULL | AT49: NULL | AU49: NULL | AV49: NULL | AW49: NULL | AX49: =IF(COUNTIF('ACTION Element Code Table'!$A:$A,G49&"_"&H49&"_"&I49&"_"&J49)=1,VLOOKUP(G49&"_"&H49&"_"&I49&"_"&J49,'ACTION Element Code Table'!$A:$C,3,FALSE),IF(G49&"_"&H49&"_"&I49&"_"&J49="NULL_NULL_NULL_NULL","NULL","Not exist in ACTION Element Code Table")) -> MIRROR | AY49: =IF(COUNTIF('ACTION Element Code Table'!$A:$A,N49&"_"&O49&"_"&P49&"_"&Q49)=1,VLOOKUP(N49&"_"&O49&"_"&P49&"_"&Q49,'ACTION Element Code Table'!$A:$C,3,FALSE),IF(N49&"_"&O49&"_"&P49&"_"&Q49="NULL_NULL_NULL_NULL","NULL","Not exist in ACTION Element Code Table")) -> NULL | AZ49: =IF(COUNTIF('ACTION Element Code Table'!$A:$A,U49&"_"&V49&"_"&W49&"_"&X49)=1,VLOOKUP(U49&"_"&V49&"_"&W49&"_"&X49,'ACTION Element Code Table'!$A:$C,3,FALSE),IF(U49&"_"&V49&"_"&W49&"_"&X49="NULL_NULL_NULL_NULL","NULL","Not exist in ACTION Element Code Table")) -> NULL | BA49: =IF(COUNTIF('ACTION Element Code Table'!$A:$A,AB49&"_"&AC49&"_"&AD49&"_"&AE49)=1,VLOOKUP(AB49&"_"&AC49&"_"&AD49&"_"&AE49,'ACTION Element Code Table'!$A:$C,3,FALSE),IF(AB49&"_"&AC49&"_"&AD49&"_"&AE49="NULL_NULL_NULL_NULL","NULL","Not exist in ACTION Element Code Table")) -> NULL | BB49: =IF(COUNTIF('ACTION Element Code Table'!$A:$A,AI49&"_"&AJ49&"_"&AK49&"_"&AL49)=1,VLOOKUP(AI49&"_"&AJ49&"_"&AK49&"_"&AL49,'ACTION Element Code Table'!$A:$C,3,FALSE),IF(AI49&"_"&AJ49&"_"&AK49&"_"&AL49="NULL_NULL_NULL_NULL","NULL","Not exist in ACTION Element Code Table")) -> NULL | BC49: =D49&E49&G49&H49&I49&J49&F49 -> FFFFOTMIRNULL | BD49: =D49&E49&N49&O49&P49&Q49&F49 -> NULLNULLNULLNULL | BE49: =D49&E49&U49&V49&W49&X49&F49 -> NULLNULLNULLNULL | BF49: =D49&E49&AB49&AC49&AD49&AE49&F49 -> NULLNULLNULLNULL | BG49: =D49&E49&AI49&AJ49&AK49&AL49&F49 -> NULLNULLNULLNULL | BH49: =IF(COUNTIF($BB:$BF,BC49)>1,"Duplicated","") | BI49: =IF(COUNTIF($BB:$BF,BD49)>1,"Duplicated","") -> Duplicated | BJ49: =IF(COUNTIF($BB:$BF,BE49)>1,"Duplicated","") -> Duplicated | BK49: =IF(COUNTIF($BB:$BF,BF49)>1,"Duplicated","") -> Duplicated | BL49: =IF(COUNTIF($BB:$BF,BG49)>1,"Duplicated","") -> Duplicated | BM49: Mirror | BN49: Fixture
G50: LF | H50: LF0030 | I50: NULL | J50: NULL | K50: NULL | L50: NULL | M50: NULL | N50: NULL | O50: NULL | P50: NULL | Q50: NULL | R50: NULL | S50: NULL | T50: NULL | U50: NULL | V50: NULL | W50: NULL | X50: NULL | Y50: NULL | Z50: NULL | AA50: NULL | AB50: NULL | AC50: NULL | AD50: NULL | AE50: NULL | AF50: NULL | AG50: NULL | AH50: NULL | AI50: NULL | AJ50: NULL | AK50: NULL | AL50: NULL | AM50: NULL | AN50: NULL | AO50: NULL | AP50: NULL | AQ50: NULL | AR50: NULL | AS50: NULL | AT50: NULL | AU50: NULL | AV50: NULL | AW50: NULL | AX50: =IF(COUNTIF('ACTION Element Code Table'!$A:$A,G50&"_"&H50&"_"&I50&"_"&J50)=1,VLOOKUP(G50&"_"&H50&"_"&I50&"_"&J50,'ACTION Element Code Table'!$A:$C,3,FALSE),IF(G50&"_"&H50&"_"&I50&"_"&J50="NULL_NULL_NULL_NULL","NULL","Not exist in ACTION Element Code Table")) -> Outdoor Escalator | AY50: =IF(COUNTIF('ACTION Element Code Table'!$A:$A,N50&"_"&O50&"_"&P50&"_"&Q50)=1,VLOOKUP(N50&"_"&O50&"_"&P50&"_"&Q50,'ACTION Element Code Table'!$A:$C,3,FALSE),IF(N50&"_"&O50&"_"&P50&"_"&Q50="NULL_NULL_NULL_NULL","NULL","Not exist in ACTION Element Code Table")) -> NULL | AZ50: =IF(COUNTIF('ACTION Element Code Table'!$A:$A,U50&"_"&V50&"_"&W50&"_"&X50)=1,VLOOKUP(U50&"_"&V50&"_"&W50&"_"&X50,'ACTION Element Code Table'!$A:$C,3,FALSE),IF(U50&"_"&V50&"_"&W50&"_"&X50="NULL_NULL_NULL_NULL","NULL","Not exist in ACTION Element Code Table")) -> NULL | BA50: =IF(COUNTIF('ACTION Element Code Table'!$A:$A,AB50&"_"&AC50&"_"&AD50&"_"&AE50)=1,VLOOKUP(AB50&"_"&AC50&"_"&AD50&"_"&AE50,'ACTION Element Code Table'!$A:$C,3,FALSE),IF(AB50&"_"&AC50&"_"&AD50&"_"&AE50="NULL_NULL_NULL_NULL","NULL","Not exist in ACTION Element Code Table")) -> NULL | BB50: =IF(COUNTIF('ACTION Element Code Table'!$A:$A,AI50&"_"&AJ50&"_"&AK50&"_"&AL50)=1,VLOOKUP(AI50&"_"&AJ50&"_"&AK50&"_"&AL50,'ACTION Element Code Table'!$A:$C,3,FALSE),IF(AI50&"_"&AJ50&"_"&AK50&"_"&AL50="NULL_NULL_NULL_NULL","NULL","Not exist in ACTION Element Code Table")) -> NULL | BC50: =D50&E50&G50&H50&I50&J50&F50 -> LFLF0030NULLNULL | BD50: =D50&E50&N50&O50&P50&Q50&F50 -> NULLNULLNULLNULL | BE50: =D50&E50&U50&V50&W50&X50&F50 -> NULLNULLNULLNULL | BF50: =D50&E50&AB50&AC50&AD50&AE50&F50 -> NULLNULLNULLNULL | BG50: =D50&E50&AI50&AJ50&AK50&AL50&F50 -> NULLNULLNULLNULL | BH50: =IF(COUNTIF($BB:$BF,BC50)>1,"Duplicated","") | BM50: Outdoor Escalator | BN50: Escalator
G51: STR | H51: FL | I51: FIN | J51: OTH | K51: NULL | L51: NULL | M51: Tactile | N51: NULL | O51: NULL | P51: NULL | Q51: NULL | R51: NULL | S51: NULL | T51: NULL | U51: NULL | V51: NULL | W51: NULL | X51: NULL | Y51: NULL | Z51: NULL | AA51: NULL | AB51: NULL | AC51: NULL | AD51: NULL | AE51: NULL | AF51: NULL | AG51: NULL | AH51: NULL | AI51: NULL | AJ51: NULL | AK51: NULL | AL51: NULL | AM51: NULL | AN51: NULL | AO51: NULL | AP51: NULL | AQ51: NULL | AR51: NULL | AS51: NULL | AT51: NULL | AU51: NULL | AV51: NULL | AW51: NULL | AX51: =IF(COUNTIF('ACTION Element Code Table'!$A:$A,G51&"_"&H51&"_"&I51&"_"&J51)=1,VLOOKUP(G51&"_"&H51&"_"&I51&"_"&J51,'ACTION Element Code Table'!$A:$C,3,FALSE),IF(G51&"_"&H51&"_"&I51&"_"&J51="NULL_NULL_NULL_NULL","NULL","Not exist in ACTION Element Code Table")) -> OTHER FLOOR FINISH (SEE REMARKS) | AY51: =IF(COUNTIF('ACTION Element Code Table'!$A:$A,N51&"_"&O51&"_"&P51&"_"&Q51)=1,VLOOKUP(N51&"_"&O51&"_"&P51&"_"&Q51,'ACTION Element Code Table'!$A:$C,3,FALSE),IF(N51&"_"&O51&"_"&P51&"_"&Q51="NULL_NULL_NULL_NULL","NULL","Not exist in ACTION Element Code Table")) -> NULL | AZ51: =IF(COUNTIF('ACTION Element Code Table'!$A:$A,U51&"_"&V51&"_"&W51&"_"&X51)=1,VLOOKUP(U51&"_"&V51&"_"&W51&"_"&X51,'ACTION Element Code Table'!$A:$C,3,FALSE),IF(U51&"_"&V51&"_"&W51&"_"&X51="NULL_NULL_NULL_NULL","NULL","Not exist in ACTION Element Code Table")) -> NULL | BA51: =IF(COUNTIF('ACTION Element Code Table'!$A:$A,AB51&"_"&AC51&"_"&AD51&"_"&AE51)=1,VLOOKUP(AB51&"_"&AC51&"_"&AD51&"_"&AE51,'ACTION Element Code Table'!$A:$C,3,FALSE),IF(AB51&"_"&AC51&"_"&AD51&"_"&AE51="NULL_NULL_NULL_NULL","NULL","Not exist in ACTION Element Code Table")) -> NULL | BB51: =IF(COUNTIF('ACTION Element Code Table'!$A:$A,AI51&"_"&AJ51&"_"&AK51&"_"&AL51)=1,VLOOKUP(AI51&"_"&AJ51&"_"&AK51&"_"&AL51,'ACTION Element Code Table'!$A:$C,3,FALSE),IF(AI51&"_"&AJ51&"_"&AK51&"_"&AL51="NULL_NULL_NULL_NULL","NULL","Not exist in ACTION Element Code Table")) -> NULL | BC51: =D51&E51&G51&H51&I51&J51&F51 -> STRFLFINOTH | BD51: =D51&E51&N51&O51&P51&Q51&F51 -> NULLNULLNULLNULL | BE51: =D51&E51&U51&V51&W51&X51&F51 -> NULLNULLNULLNULL | BF51: =D51&E51&AB51&AC51&AD51&AE51&F51 -> NULLNULLNULLNULL | BG51: =D51&E51&AI51&AJ51&AK51&AL51&F51 -> NULLNULLNULLNULL | BH51: =IF(COUNTIF($BB:$BF,BC51)>1,"Duplicated","") | BM51: Tactile
G52: EXT | H52: BOUND | I52: DROP | J52: NULL | K52: NULL | L52: NULL | M52: NULL | N52: NULL | O52: NULL | P52: NULL | Q52: NULL | R52: NULL | S52: NULL | T52: NULL | U52: NULL | V52: NULL | W52: NULL | X52: NULL | Y52: NULL | Z52: NULL | AA52: NULL | AB52: NULL | AC52: NULL | AD52: NULL | AE52: NULL | AF52: NULL | AG52: NULL | AH52: NULL | AI52: NULL | AJ52: NULL | AK52: NULL | AL52: NULL | AM52: NULL | AN52: NULL | AO52: NULL | AP52: NULL | AQ52: NULL | AR52: NULL | AS52: NULL | AT52: NULL | AU52: NULL | AV52: NULL | AW52: NULL | AX52: =IF(COUNTIF('ACTION Element Code Table'!$A:$A,G52&"_"&H52&"_"&I52&"_"&J52)=1,VLOOKUP(G52&"_"&H52&"_"&I52&"_"&J52,'ACTION Element Code Table'!$A:$C,3,FALSE),IF(G52&"_"&H52&"_"&I52&"_"&J52="NULL_NULL_NULL_NULL","NULL","Not exist in ACTION Element Code Table")) -> DROP BAR | AY52: =IF(COUNTIF('ACTION Element Code Table'!$A:$A,N52&"_"&O52&"_"&P52&"_"&Q52)=1,VLOOKUP(N52&"_"&O52&"_"&P52&"_"&Q52,'ACTION Element Code Table'!$A:$C,3,FALSE),IF(N52&"_"&O52&"_"&P52&"_"&Q52="NULL_NULL_NULL_NULL","NULL","Not exist in ACTION Element Code Table")) -> NULL | AZ52: =IF(COUNTIF('ACTION Element Code Table'!$A:$A,U52&"_"&V52&"_"&W52&"_"&X52)=1,VLOOKUP(U52&"_"&V52&"_"&W52&"_"&X52,'ACTION Element Code Table'!$A:$C,3,FALSE),IF(U52&"_"&V52&"_"&W52&"_"&X52="NULL_NULL_NULL_NULL","NULL","Not exist in ACTION Element Code Table")) -> NULL | BA52: =IF(COUNTIF('ACTION Element Code Table'!$A:$A,AB52&"_"&AC52&"_"&AD52&"_"&AE52)=1,VLOOKUP(AB52&"_"&AC52&"_"&AD52&"_"&AE52,'ACTION Element Code Table'!$A:$C,3,FALSE),IF(AB52&"_"&AC52&"_"&AD52&"_"&AE52="NULL_NULL_NULL_NULL","NULL","Not exist in ACTION Element Code Table")) -> NULL | BB52: =IF(COUNTIF('ACTION Element Code Table'!$A:$A,AI52&"_"&AJ52&"_"&AK52&"_"&AL52)=1,VLOOKUP(AI52&"_"&AJ52&"_"&AK52&"_"&AL52,'ACTION Element Code Table'!$A:$C,3,FALSE),IF(AI52&"_"&AJ52&"_"&AK52&"_"&AL52="NULL_NULL_NULL_NULL","NULL","Not exist in ACTION Element Code Table")) -> NULL | BC52: =D52&E52&G52&H52&I52&J52&F52 -> EXTBOUNDDROPNULL | BD52: =D52&E52&N52&O52&P52&Q52&F52 -> NULLNULLNULLNULL | BE52: =D52&E52&U52&V52&W52&X52&F52 -> NULLNULLNULLNULL | BF52: =D52&E52&AB52&AC52&AD52&AE52&F52 -> NULLNULLNULLNULL | BG52: =D52&E52&AI52&AJ52&AK52&AL52&F52 -> NULLNULLNULLNULL | BH52: =IF(COUNTIF($BB:$BF,BC52)>1,"Duplicated","") | BI52: =IF(COUNTIF($BB:$BF,BD52)>1,"Duplicated","") -> Duplicated | BJ52: =IF(COUNTIF($BB:$BF,BE52)>1,"Duplicated","") -> Duplicated | BK52: =IF(COUNTIF($BB:$BF,BF52)>1,"Duplicated","") -> Duplicated | BL52: =IF(COUNTIF($BB:$BF,BG52)>1,"Duplicated","") -> Duplicated | BM52: Parking Drop Bar | BN52: Parking
G53: FF | H53: SIG | I53: NULL | J53: NULL | K53: NULL | L53: NULL | M53: NULL | N53: NULL | O53: NULL | P53: NULL | Q53: NULL | R53: NULL | S53: NULL | T53: NULL | U53: NULL | V53: NULL | W53: NULL | X53: NULL | Y53: NULL | Z53: NULL | AA53: NULL | AB53: NULL | AC53: NULL | AD53: NULL | AE53: NULL | AF53: NULL | AG53: NULL | AH53: NULL | AI53: NULL | AJ53: NULL | AK53: NULL | AL53: NULL | AM53: NULL | AN53: NULL | AO53: NULL | AP53: NULL | AQ53: NULL | AR53: NULL | AS53: NULL | AT53: NULL | AU53: NULL | AV53: NULL | AW53: NULL | AX53: =IF(COUNTIF('ACTION Element Code Table'!$A:$A,G53&"_"&H53&"_"&I53&"_"&J53)=1,VLOOKUP(G53&"_"&H53&"_"&I53&"_"&J53,'ACTION Element Code Table'!$A:$C,3,FALSE),IF(G53&"_"&H53&"_"&I53&"_"&J53="NULL_NULL_NULL_NULL","NULL","Not exist in ACTION Element Code Table")) -> SIGNAGE | AY53: =IF(COUNTIF('ACTION Element Code Table'!$A:$A,N53&"_"&O53&"_"&P53&"_"&Q53)=1,VLOOKUP(N53&"_"&O53&"_"&P53&"_"&Q53,'ACTION Element Code Table'!$A:$C,3,FALSE),IF(N53&"_"&O53&"_"&P53&"_"&Q53="NULL_NULL_NULL_NULL","NULL","Not exist in ACTION Element Code Table")) -> NULL | AZ53: =IF(COUNTIF('ACTION Element Code Table'!$A:$A,U53&"_"&V53&"_"&W53&"_"&X53)=1,VLOOKUP(U53&"_"&V53&"_"&W53&"_"&X53,'ACTION Element Code Table'!$A:$C,3,FALSE),IF(U53&"_"&V53&"_"&W53&"_"&X53="NULL_NULL_NULL_NULL","NULL","Not exist in ACTION Element Code Table")) -> NULL | BA53: =IF(COUNTIF('ACTION Element Code Table'!$A:$A,AB53&"_"&AC53&"_"&AD53&"_"&AE53)=1,VLOOKUP(AB53&"_"&AC53&"_"&AD53&"_"&AE53,'ACTION Element Code Table'!$A:$C,3,FALSE),IF(AB53&"_"&AC53&"_"&AD53&"_"&AE53="NULL_NULL_NULL_NULL","NULL","Not exist in ACTION Element Code Table")) -> NULL | BB53: =IF(COUNTIF('ACTION Element Code Table'!$A:$A,AI53&"_"&AJ53&"_"&AK53&"_"&AL53)=1,VLOOKUP(AI53&"_"&AJ53&"_"&AK53&"_"&AL53,'ACTION Element Code Table'!$A:$C,3,FALSE),IF(AI53&"_"&AJ53&"_"&AK53&"_"&AL53="NULL_NULL_NULL_NULL","NULL","Not exist in ACTION Element Code Table")) -> NULL | BC53: =D53&E53&G53&H53&I53&J53&F53 -> FFSIGNULLNULL | BD53: =D53&E53&N53&O53&P53&Q53&F53 -> NULLNULLNULLNULL | BE53: =D53&E53&U53&V53&W53&X53&F53 -> NULLNULLNULLNULL | BF53: =D53&E53&AB53&AC53&AD53&AE53&F53 -> NULLNULLNULLNULL | BG53: =D53&E53&AI53&AJ53&AK53&AL53&F53 -> NULLNULLNULLNULL | BH53: =IF(COUNTIF($BB:$BF,BC53)>1,"Duplicated","") -> Duplicated | BI53: =IF(COUNTIF($BB:$BF,BD53)>1,"Duplicated","") -> Duplicated | BJ53: =IF(COUNTIF($BB:$BF,BE53)>1,"Duplicated","") -> Duplicated | BK53: =IF(COUNTIF($BB:$BF,BF53)>1,"Duplicated","") -> Duplicated | BL53: =IF(COUNTIF($BB:$BF,BG53)>1,"Duplicated","") -> Duplicated | BM53: Parking Sign | BN53: Parking
G54: FF | H54: PARCU | I54: NULL | J54: NULL | K54: NULL | L54: NULL | M54: NULL | N54: NULL | O54: NULL | P54: NULL | Q54: NULL | R54: NULL | S54: NULL | T54: NULL | U54: NULL | V54: NULL | W54: NULL | X54: NULL | Y54: NULL | Z54: NULL | AA54: NULL | AB54: NULL | AC54: NULL | AD54: NULL | AE54: NULL | AF54: NULL | AG54: NULL | AH54: NULL | AI54: NULL | AJ54: NULL | AK54: NULL | AL54: NULL | AM54: NULL | AN54: NULL | AO54: NULL | AP54: NULL | AQ54: NULL | AR54: NULL | AS54: NULL | AT54: NULL | AU54: NULL | AV54: NULL | AW54: NULL | AX54: =IF(COUNTIF('ACTION Element Code Table'!$A:$A,G54&"_"&H54&"_"&I54&"_"&J54)=1,VLOOKUP(G54&"_"&H54&"_"&I54&"_"&J54,'ACTION Element Code Table'!$A:$C,3,FALSE),IF(G54&"_"&H54&"_"&I54&"_"&J54="NULL_NULL_NULL_NULL","NULL","Not exist in ACTION Element Code Table")) -> CUBICLE PARTITION | AY54: =IF(COUNTIF('ACTION Element Code Table'!$A:$A,N54&"_"&O54&"_"&P54&"_"&Q54)=1,VLOOKUP(N54&"_"&O54&"_"&P54&"_"&Q54,'ACTION Element Code Table'!$A:$C,3,FALSE),IF(N54&"_"&O54&"_"&P54&"_"&Q54="NULL_NULL_NULL_NULL","NULL","Not exist in ACTION Element Code Table")) -> NULL | AZ54: =IF(COUNTIF('ACTION Element Code Table'!$A:$A,U54&"_"&V54&"_"&W54&"_"&X54)=1,VLOOKUP(U54&"_"&V54&"_"&W54&"_"&X54,'ACTION Element Code Table'!$A:$C,3,FALSE),IF(U54&"_"&V54&"_"&W54&"_"&X54="NULL_NULL_NULL_NULL","NULL","Not exist in ACTION Element Code Table")) -> NULL | BA54: =IF(COUNTIF('ACTION Element Code Table'!$A:$A,AB54&"_"&AC54&"_"&AD54&"_"&AE54)=1,VLOOKUP(AB54&"_"&AC54&"_"&AD54&"_"&AE54,'ACTION Element Code Table'!$A:$C,3,FALSE),IF(AB54&"_"&AC54&"_"&AD54&"_"&AE54="NULL_NULL_NULL_NULL","NULL","Not exist in ACTION Element Code Table")) -> NULL | BB54: =IF(COUNTIF('ACTION Element Code Table'!$A:$A,AI54&"_"&AJ54&"_"&AK54&"_"&AL54)=1,VLOOKUP(AI54&"_"&AJ54&"_"&AK54&"_"&AL54,'ACTION Element Code Table'!$A:$C,3,FALSE),IF(AI54&"_"&AJ54&"_"&AK54&"_"&AL54="NULL_NULL_NULL_NULL","NULL","Not exist in ACTION Element Code Table")) -> NULL | BC54: =D54&E54&G54&H54&I54&J54&F54 -> FFPARCUNULLNULL | BD54: =D54&E54&N54&O54&P54&Q54&F54 -> NULLNULLNULLNULL | BE54: =D54&E54&U54&V54&W54&X54&F54 -> NULLNULLNULLNULL | BF54: =D54&E54&AB54&AC54&AD54&AE54&F54 -> NULLNULLNULLNULL | BG54: =D54&E54&AI54&AJ54&AK54&AL54&F54 -> NULLNULLNULLNULL | BH54: =IF(COUNTIF($BB:$BF,BC54)>1,"Duplicated","") | BI54: =IF(COUNTIF($BB:$BF,BD54)>1,"Duplicated","") -> Duplicated | BJ54: =IF(COUNTIF($BB:$BF,BE54)>1,"Duplicated","") -> Duplicated | BK54: =IF(COUNTIF($BB:$BF,BF54)>1,"Duplicated","") -> Duplicated | BL54: =IF(COUNTIF($BB:$BF,BG54)>1,"Duplicated","") -> Duplicated | BM54: Partition | BN54: Partition
G55: SPE | H55: SPORT | I55: FINBC | J55: NULL | K55: NULL | L55: NULL | M55: NULL | N55: NULL | O55: NULL | P55: NULL | Q55: NULL | R55: NULL | S55: NULL | T55: NULL | U55: NULL | V55: NULL | W55: NULL | X55: NULL | Y55: NULL | Z55: NULL | AA55: NULL | AB55: NULL | AC55: NULL | AD55: NULL | AE55: NULL | AF55: NULL | AG55: NULL | AH55: NULL | AI55: NULL | AJ55: NULL | AK55: NULL | AL55: NULL | AM55: NULL | AN55: NULL | AO55: NULL | AP55: NULL | AQ55: NULL | AR55: NULL | AS55: NULL | AT55: NULL | AU55: NULL | AV55: NULL | AW55: NULL | AX55: =IF(COUNTIF('ACTION Element Code Table'!$A:$A,G55&"_"&H55&"_"&I55&"_"&J55)=1,VLOOKUP(G55&"_"&H55&"_"&I55&"_"&J55,'ACTION Element Code Table'!$A:$C,3,FALSE),IF(G55&"_"&H55&"_"&I55&"_"&J55="NULL_NULL_NULL_NULL","NULL","Not exist in ACTION Element Code Table")) -> FINISHING OF BALL COURT | AY55: =IF(COUNTIF('ACTION Element Code Table'!$A:$A,N55&"_"&O55&"_"&P55&"_"&Q55)=1,VLOOKUP(N55&"_"&O55&"_"&P55&"_"&Q55,'ACTION Element Code Table'!$A:$C,3,FALSE),IF(N55&"_"&O55&"_"&P55&"_"&Q55="NULL_NULL_NULL_NULL","NULL","Not exist in ACTION Element Code Table")) -> NULL | AZ55: =IF(COUNTIF('ACTION Element Code Table'!$A:$A,U55&"_"&V55&"_"&W55&"_"&X55)=1,VLOOKUP(U55&"_"&V55&"_"&W55&"_"&X55,'ACTION Element Code Table'!$A:$C,3,FALSE),IF(U55&"_"&V55&"_"&W55&"_"&X55="NULL_NULL_NULL_NULL","NULL","Not exist in ACTION Element Code Table")) -> NULL | BA55: =IF(COUNTIF('ACTION Element Code Table'!$A:$A,AB55&"_"&AC55&"_"&AD55&"_"&AE55)=1,VLOOKUP(AB55&"_"&AC55&"_"&AD55&"_"&AE55,'ACTION Element Code Table'!$A:$C,3,FALSE),IF(AB55&"_"&AC55&"_"&AD55&"_"&AE55="NULL_NULL_NULL_NULL","NULL","Not exist in ACTION Element Code Table")) -> NULL | BB55: =IF(COUNTIF('ACTION Element Code Table'!$A:$A,AI55&"_"&AJ55&"_"&AK55&"_"&AL55)=1,VLOOKUP(AI55&"_"&AJ55&"_"&AK55&"_"&AL55,'ACTION Element Code Table'!$A:$C,3,FALSE),IF(AI55&"_"&AJ55&"_"&AK55&"_"&AL55="NULL_NULL_NULL_NULL","NULL","Not exist in ACTION Element Code Table")) -> NULL | BC55: =D55&E55&G55&H55&I55&J55&F55 -> SPESPORTFINBCNULL | BD55: =D55&E55&N55&O55&P55&Q55&F55 -> NULLNULLNULLNULL | BE55: =D55&E55&U55&V55&W55&X55&F55 -> NULLNULLNULLNULL | BF55: =D55&E55&AB55&AC55&AD55&AE55&F55 -> NULLNULLNULLNULL | BG55: =D55&E55&AI55&AJ55&AK55&AL55&F55 -> NULLNULLNULLNULL | BH55: =IF(COUNTIF($BB:$BF,BC55)>1,"Duplicated","") | BM55: Playground Court | BN55: Ball Court
G56: SPE | H56: SPORT | I56: SEAT | J56: NULL | K56: NULL | L56: NULL | M56: NULL | N56: NULL | O56: NULL | P56: NULL | Q56: NULL | R56: NULL | S56: NULL | T56: NULL | U56: NULL | V56: NULL | W56: NULL | X56: NULL | Y56: NULL | Z56: NULL | AA56: NULL | AB56: NULL | AC56: NULL | AD56: NULL | AE56: NULL | AF56: NULL | AG56: NULL | AH56: NULL | AI56: NULL | AJ56: NULL | AK56: NULL | AL56: NULL | AM56: NULL | AN56: NULL | AO56: NULL | AP56: NULL | AQ56: NULL | AR56: NULL | AS56: NULL | AT56: NULL | AU56: NULL | AV56: NULL | AW56: NULL | AX56: =IF(COUNTIF('ACTION Element Code Table'!$A:$A,G56&"_"&H56&"_"&I56&"_"&J56)=1,VLOOKUP(G56&"_"&H56&"_"&I56&"_"&J56,'ACTION Element Code Table'!$A:$C,3,FALSE),IF(G56&"_"&H56&"_"&I56&"_"&J56="NULL_NULL_NULL_NULL","NULL","Not exist in ACTION Element Code Table")) -> SPECTATOR SEAT OF SPORT GROUND | AY56: =IF(COUNTIF('ACTION Element Code Table'!$A:$A,N56&"_"&O56&"_"&P56&"_"&Q56)=1,VLOOKUP(N56&"_"&O56&"_"&P56&"_"&Q56,'ACTION Element Code Table'!$A:$C,3,FALSE),IF(N56&"_"&O56&"_"&P56&"_"&Q56="NULL_NULL_NULL_NULL","NULL","Not exist in ACTION Element Code Table")) -> NULL | AZ56: =IF(COUNTIF('ACTION Element Code Table'!$A:$A,U56&"_"&V56&"_"&W56&"_"&X56)=1,VLOOKUP(U56&"_"&V56&"_"&W56&"_"&X56,'ACTION Element Code Table'!$A:$C,3,FALSE),IF(U56&"_"&V56&"_"&W56&"_"&X56="NULL_NULL_NULL_NULL","NULL","Not exist in ACTION Element Code Table")) -> NULL | BA56: =IF(COUNTIF('ACTION Element Code Table'!$A:$A,AB56&"_"&AC56&"_"&AD56&"_"&AE56)=1,VLOOKUP(AB56&"_"&AC56&"_"&AD56&"_"&AE56,'ACTION Element Code Table'!$A:$C,3,FALSE),IF(AB56&"_"&AC56&"_"&AD56&"_"&AE56="NULL_NULL_NULL_NULL","NULL","Not exist in ACTION Element Code Table")) -> NULL | BB56: =IF(COUNTIF('ACTION Element Code Table'!$A:$A,AI56&"_"&AJ56&"_"&AK56&"_"&AL56)=1,VLOOKUP(AI56&"_"&AJ56&"_"&AK56&"_"&AL56,'ACTION Element Code Table'!$A:$C,3,FALSE),IF(AI56&"_"&AJ56&"_"&AK56&"_"&AL56="NULL_NULL_NULL_NULL","NULL","Not exist in ACTION Element Code Table")) -> NULL | BC56: =D56&E56&G56&H56&I56&J56&F56 -> SPESPORTSEATNULL | BD56: =D56&E56&N56&O56&P56&Q56&F56 -> NULLNULLNULLNULL | BE56: =D56&E56&U56&V56&W56&X56&F56 -> NULLNULLNULLNULL | BF56: =D56&E56&AB56&AC56&AD56&AE56&F56 -> NULLNULLNULLNULL | BG56: =D56&E56&AI56&AJ56&AK56&AL56&F56 -> NULLNULLNULLNULL | BH56: =IF(COUNTIF($BB:$BF,BC56)>1,"Duplicated","") | BI56: =IF(COUNTIF($BB:$BF,BD56)>1,"Duplicated","") -> Duplicated | BJ56: =IF(COUNTIF($BB:$BF,BE56)>1,"Duplicated","") -> Duplicated | BK56: =IF(COUNTIF($BB:$BF,BF56)>1,"Duplicated","") -> Duplicated | BL56: =IF(COUNTIF($BB:$BF,BG56)>1,"Duplicated","") -> Duplicated | BM56: Playground Seat | BN56: Ball Court
G57: RAI | H57: RAIN | I57: SC | J57: NULL | K57: NULL | L57: NULL | M57: NULL | N57: NULL | O57: NULL | P57: NULL | Q57: NULL | R57: NULL | S57: NULL | T57: NULL | U57: NULL | V57: NULL | W57: NULL | X57: NULL | Y57: NULL | Z57: NULL | AA57: NULL | AB57: NULL | AC57: NULL | AD57: NULL | AE57: NULL | AF57: NULL | AG57: NULL | AH57: NULL | AI57: NULL | AJ57: NULL | AK57: NULL | AL57: NULL | AM57: NULL | AN57: NULL | AO57: NULL | AP57: NULL | AQ57: NULL | AR57: NULL | AS57: NULL | AT57: NULL | AU57: NULL | AV57: NULL | AW57: NULL | AX57: =IF(COUNTIF('ACTION Element Code Table'!$A:$A,G57&"_"&H57&"_"&I57&"_"&J57)=1,VLOOKUP(G57&"_"&H57&"_"&I57&"_"&J57,'ACTION Element Code Table'!$A:$C,3,FALSE),IF(G57&"_"&H57&"_"&I57&"_"&J57="NULL_NULL_NULL_NULL","NULL","Not exist in ACTION Element Code Table")) -> RAINWATER SURFACE CHANNEL | AY57: =IF(COUNTIF('ACTION Element Code Table'!$A:$A,N57&"_"&O57&"_"&P57&"_"&Q57)=1,VLOOKUP(N57&"_"&O57&"_"&P57&"_"&Q57,'ACTION Element Code Table'!$A:$C,3,FALSE),IF(N57&"_"&O57&"_"&P57&"_"&Q57="NULL_NULL_NULL_NULL","NULL","Not exist in ACTION Element Code Table")) -> NULL | AZ57: =IF(COUNTIF('ACTION Element Code Table'!$A:$A,U57&"_"&V57&"_"&W57&"_"&X57)=1,VLOOKUP(U57&"_"&V57&"_"&W57&"_"&X57,'ACTION Element Code Table'!$A:$C,3,FALSE),IF(U57&"_"&V57&"_"&W57&"_"&X57="NULL_NULL_NULL_NULL","NULL","Not exist in ACTION Element Code Table")) -> NULL | BA57: =IF(COUNTIF('ACTION Element Code Table'!$A:$A,AB57&"_"&AC57&"_"&AD57&"_"&AE57)=1,VLOOKUP(AB57&"_"&AC57&"_"&AD57&"_"&AE57,'ACTION Element Code Table'!$A:$C,3,FALSE),IF(AB57&"_"&AC57&"_"&AD57&"_"&AE57="NULL_NULL_NULL_NULL","NULL","Not exist in ACTION Element Code Table")) -> NULL | BB57: =IF(COUNTIF('ACTION Element Code Table'!$A:$A,AI57&"_"&AJ57&"_"&AK57&"_"&AL57)=1,VLOOKUP(AI57&"_"&AJ57&"_"&AK57&"_"&AL57,'ACTION Element Code Table'!$A:$C,3,FALSE),IF(AI57&"_"&AJ57&"_"&AK57&"_"&AL57="NULL_NULL_NULL_NULL","NULL","Not exist in ACTION Element Code Table")) -> NULL | BC57: =D57&E57&G57&H57&I57&J57&F57 -> RAIRAINSCNULL | BD57: =D57&E57&N57&O57&P57&Q57&F57 -> NULLNULLNULLNULL | BE57: =D57&E57&U57&V57&W57&X57&F57 -> NULLNULLNULLNULL | BF57: =D57&E57&AB57&AC57&AD57&AE57&F57 -> NULLNULLNULLNULL | BG57: =D57&E57&AI57&AJ57&AK57&AL57&F57 -> NULLNULLNULLNULL | BH57: =IF(COUNTIF($BB:$BF,BC57)>1,"Duplicated","") | BM57: Rainwater Surface Channel | BN57: Channel
G58: STR | H58: RAMP | I58: NULL | J58: NULL | K58: NULL | L58: NULL | M58: NULL | N58: NULL | O58: NULL | P58: NULL | Q58: NULL | R58: NULL | S58: NULL | T58: NULL | U58: NULL | V58: NULL | W58: NULL | X58: NULL | Y58: NULL | Z58: NULL | AA58: NULL | AB58: NULL | AC58: NULL | AD58: NULL | AE58: NULL | AF58: NULL | AG58: NULL | AH58: NULL | AI58: NULL | AJ58: NULL | AK58: NULL | AL58: NULL | AM58: NULL | AN58: NULL | AO58: NULL | AP58: NULL | AQ58: NULL | AR58: NULL | AS58: NULL | AT58: NULL | AU58: NULL | AV58: NULL | AW58: NULL | AX58: =IF(COUNTIF('ACTION Element Code Table'!$A:$A,G58&"_"&H58&"_"&I58&"_"&J58)=1,VLOOKUP(G58&"_"&H58&"_"&I58&"_"&J58,'ACTION Element Code Table'!$A:$C,3,FALSE),IF(G58&"_"&H58&"_"&I58&"_"&J58="NULL_NULL_NULL_NULL","NULL","Not exist in ACTION Element Code Table")) -> RAMP | AY58: =IF(COUNTIF('ACTION Element Code Table'!$A:$A,N58&"_"&O58&"_"&P58&"_"&Q58)=1,VLOOKUP(N58&"_"&O58&"_"&P58&"_"&Q58,'ACTION Element Code Table'!$A:$C,3,FALSE),IF(N58&"_"&O58&"_"&P58&"_"&Q58="NULL_NULL_NULL_NULL","NULL","Not exist in ACTION Element Code Table")) -> NULL | AZ58: =IF(COUNTIF('ACTION Element Code Table'!$A:$A,U58&"_"&V58&"_"&W58&"_"&X58)=1,VLOOKUP(U58&"_"&V58&"_"&W58&"_"&X58,'ACTION Element Code Table'!$A:$C,3,FALSE),IF(U58&"_"&V58&"_"&W58&"_"&X58="NULL_NULL_NULL_NULL","NULL","Not exist in ACTION Element Code Table")) -> NULL | BA58: =IF(COUNTIF('ACTION Element Code Table'!$A:$A,AB58&"_"&AC58&"_"&AD58&"_"&AE58)=1,VLOOKUP(AB58&"_"&AC58&"_"&AD58&"_"&AE58,'ACTION Element Code Table'!$A:$C,3,FALSE),IF(AB58&"_"&AC58&"_"&AD58&"_"&AE58="NULL_NULL_NULL_NULL","NULL","Not exist in ACTION Element Code Table")) -> NULL | BB58: =IF(COUNTIF('ACTION Element Code Table'!$A:$A,AI58&"_"&AJ58&"_"&AK58&"_"&AL58)=1,VLOOKUP(AI58&"_"&AJ58&"_"&AK58&"_"&AL58,'ACTION Element Code Table'!$A:$C,3,FALSE),IF(AI58&"_"&AJ58&"_"&AK58&"_"&AL58="NULL_NULL_NULL_NULL","NULL","Not exist in ACTION Element Code Table")) -> NULL | BC58: =D58&E58&G58&H58&I58&J58&F58 -> STRRAMPNULLNULL | BD58: =D58&E58&N58&O58&P58&Q58&F58 -> NULLNULLNULLNULL | BE58: =D58&E58&U58&V58&W58&X58&F58 -> NULLNULLNULLNULL | BF58: =D58&E58&AB58&AC58&AD58&AE58&F58 -> NULLNULLNULLNULL | BG58: =D58&E58&AI58&AJ58&AK58&AL58&F58 -> NULLNULLNULLNULL | BH58: =IF(COUNTIF($BB:$BF,BC58)>1,"Duplicated","") | BI58: =IF(COUNTIF($BB:$BF,BD58)>1,"Duplicated","") -> Duplicated | BJ58: =IF(COUNTIF($BB:$BF,BE58)>1,"Duplicated","") -> Duplicated | BK58: =IF(COUNTIF($BB:$BF,BF58)>1,"Duplicated","") -> Duplicated | BL58: =IF(COUNTIF($BB:$BF,BG58)>1,"Duplicated","") -> Duplicated | BM58: Ramp | BN58: Ramp
G59: AC | H59: AC14 | I59: AC109 | J59: NULL | K59: NULL | L59: NULL | M59: NULL | N59: NULL | O59: NULL | P59: NULL | Q59: NULL | R59: NULL | S59: NULL | T59: NULL | U59: NULL | V59: NULL | W59: NULL | X59: NULL | Y59: NULL | Z59: NULL | AA59: NULL | AB59: NULL | AC59: NULL | AD59: NULL | AE59: NULL | AF59: NULL | AG59: NULL | AH59: NULL | AI59: NULL | AJ59: NULL | AK59: NULL | AL59: NULL | AM59: NULL | AN59: NULL | AO59: NULL | AP59: NULL | AQ59: NULL | AR59: NULL | AS59: NULL | AT59: NULL | AU59: NULL | AV59: NULL | AW59: NULL | AX59: =IF(COUNTIF('ACTION Element Code Table'!$A:$A,G59&"_"&H59&"_"&I59&"_"&J59)=1,VLOOKUP(G59&"_"&H59&"_"&I59&"_"&J59,'ACTION Element Code Table'!$A:$C,3,FALSE),IF(G59&"_"&H59&"_"&I59&"_"&J59="NULL_NULL_NULL_NULL","NULL","Not exist in ACTION Element Code Table")) -> Return air grille | AY59: =IF(COUNTIF('ACTION Element Code Table'!$A:$A,N59&"_"&O59&"_"&P59&"_"&Q59)=1,VLOOKUP(N59&"_"&O59&"_"&P59&"_"&Q59,'ACTION Element Code Table'!$A:$C,3,FALSE),IF(N59&"_"&O59&"_"&P59&"_"&Q59="NULL_NULL_NULL_NULL","NULL","Not exist in ACTION Element Code Table")) -> NULL | AZ59: =IF(COUNTIF('ACTION Element Code Table'!$A:$A,U59&"_"&V59&"_"&W59&"_"&X59)=1,VLOOKUP(U59&"_"&V59&"_"&W59&"_"&X59,'ACTION Element Code Table'!$A:$C,3,FALSE),IF(U59&"_"&V59&"_"&W59&"_"&X59="NULL_NULL_NULL_NULL","NULL","Not exist in ACTION Element Code Table")) -> NULL | BA59: =IF(COUNTIF('ACTION Element Code Table'!$A:$A,AB59&"_"&AC59&"_"&AD59&"_"&AE59)=1,VLOOKUP(AB59&"_"&AC59&"_"&AD59&"_"&AE59,'ACTION Element Code Table'!$A:$C,3,FALSE),IF(AB59&"_"&AC59&"_"&AD59&"_"&AE59="NULL_NULL_NULL_NULL","NULL","Not exist in ACTION Element Code Table")) -> NULL | BB59: =IF(COUNTIF('ACTION Element Code Table'!$A:$A,AI59&"_"&AJ59&"_"&AK59&"_"&AL59)=1,VLOOKUP(AI59&"_"&AJ59&"_"&AK59&"_"&AL59,'ACTION Element Code Table'!$A:$C,3,FALSE),IF(AI59&"_"&AJ59&"_"&AK59&"_"&AL59="NULL_NULL_NULL_NULL","NULL","Not exist in ACTION Element Code Table")) -> NULL | BC59: =D59&E59&G59&H59&I59&J59&F59 -> ACAC14AC109NULL | BD59: =D59&E59&N59&O59&P59&Q59&F59 -> NULLNULLNULLNULL | BE59: =D59&E59&U59&V59&W59&X59&F59 -> NULLNULLNULLNULL | BF59: =D59&E59&AB59&AC59&AD59&AE59&F59 -> NULLNULLNULLNULL | BG59: =D59&E59&AI59&AJ59&AK59&AL59&F59 -> NULLNULLNULLNULL | BH59: =IF(COUNTIF($BB:$BF,BC59)>1,"Duplicated","") | BI59: =IF(COUNTIF($BB:$BF,BD59)>1,"Duplicated","") -> Duplicated | BJ59: =IF(COUNTIF($BB:$BF,BE59)>1,"Duplicated","") -> Duplicated | BK59: =IF(COUNTIF($BB:$BF,BF59)>1,"Duplicated","") -> Duplicated | BL59: =IF(COUNTIF($BB:$BF,BG59)>1,"Duplicated","") -> Duplicated | BM59: Return Air Grille
G60: EXT | H60: RD | I60: RDSIG | J60: NULL | K60: NULL | L60: NULL | M60: NULL | N60: NULL | O60: NULL | P60: NULL | Q60: NULL | R60: NULL | S60: NULL | T60: NULL | U60: NULL | V60: NULL | W60: NULL | X60: NULL | Y60: NULL | Z60: NULL | AA60: NULL | AB60: NULL | AC60: NULL | AD60: NULL | AE60: NULL | AF60: NULL | AG60: NULL | AH60: NULL | AI60: NULL | AJ60: NULL | AK60: NULL | AL60: NULL | AM60: NULL | AN60: NULL | AO60: NULL | AP60: NULL | AQ60: NULL | AR60: NULL | AS60: NULL | AT60: NULL | AU60: NULL | AV60: NULL | AW60: NULL | AX60: =IF(COUNTIF('ACTION Element Code Table'!$A:$A,G60&"_"&H60&"_"&I60&"_"&J60)=1,VLOOKUP(G60&"_"&H60&"_"&I60&"_"&J60,'ACTION Element Code Table'!$A:$C,3,FALSE),IF(G60&"_"&H60&"_"&I60&"_"&J60="NULL_NULL_NULL_NULL","NULL","Not exist in ACTION Element Code Table")) -> ROAD SIGNAGE | AY60: =IF(COUNTIF('ACTION Element Code Table'!$A:$A,N60&"_"&O60&"_"&P60&"_"&Q60)=1,VLOOKUP(N60&"_"&O60&"_"&P60&"_"&Q60,'ACTION Element Code Table'!$A:$C,3,FALSE),IF(N60&"_"&O60&"_"&P60&"_"&Q60="NULL_NULL_NULL_NULL","NULL","Not exist in ACTION Element Code Table")) -> NULL | AZ60: =IF(COUNTIF('ACTION Element Code Table'!$A:$A,U60&"_"&V60&"_"&W60&"_"&X60)=1,VLOOKUP(U60&"_"&V60&"_"&W60&"_"&X60,'ACTION Element Code Table'!$A:$C,3,FALSE),IF(U60&"_"&V60&"_"&W60&"_"&X60="NULL_NULL_NULL_NULL","NULL","Not exist in ACTION Element Code Table")) -> NULL | BA60: =IF(COUNTIF('ACTION Element Code Table'!$A:$A,AB60&"_"&AC60&"_"&AD60&"_"&AE60)=1,VLOOKUP(AB60&"_"&AC60&"_"&AD60&"_"&AE60,'ACTION Element Code Table'!$A:$C,3,FALSE),IF(AB60&"_"&AC60&"_"&AD60&"_"&AE60="NULL_NULL_NULL_NULL","NULL","Not exist in ACTION Element Code Table")) -> NULL | BB60: =IF(COUNTIF('ACTION Element Code Table'!$A:$A,AI60&"_"&AJ60&"_"&AK60&"_"&AL60)=1,VLOOKUP(AI60&"_"&AJ60&"_"&AK60&"_"&AL60,'ACTION Element Code Table'!$A:$C,3,FALSE),IF(AI60&"_"&AJ60&"_"&AK60&"_"&AL60="NULL_NULL_NULL_NULL","NULL","Not exist in ACTION Element Code Table")) -> NULL | BC60: =D60&E60&G60&H60&I60&J60&F60 -> EXTRDRDSIGNULL | BD60: =D60&E60&N60&O60&P60&Q60&F60 -> NULLNULLNULLNULL | BE60: =D60&E60&U60&V60&W60&X60&F60 -> NULLNULLNULLNULL | BF60: =D60&E60&AB60&AC60&AD60&AE60&F60 -> NULLNULLNULLNULL | BG60: =D60&E60&AI60&AJ60&AK60&AL60&F60 -> NULLNULLNULLNULL | BH60: =IF(COUNTIF($BB:$BF,BC60)>1,"Duplicated","") | BI60: =IF(COUNTIF($BB:$BF,BD60)>1,"Duplicated","") -> Duplicated | BJ60: =IF(COUNTIF($BB:$BF,BE60)>1,"Duplicated","") -> Duplicated | BK60: =IF(COUNTIF($BB:$BF,BF60)>1,"Duplicated","") -> Duplicated | BL60: =IF(COUNTIF($BB:$BF,BG60)>1,"Duplicated","") -> Duplicated | BM60: Road Mark | BN60: Signage
G61: FF | H61: ROLL | I61: NULL | J61: NULL | K61: NULL | L61: NULL | M61: NULL | N61: NULL | O61: NULL | P61: NULL | Q61: NULL | R61: NULL | S61: NULL | T61: NULL | U61: NULL | V61: NULL | W61: NULL | X61: NULL | Y61: NULL | Z61: NULL | AA61: NULL | AB61: NULL | AC61: NULL | AD61: NULL | AE61: NULL | AF61: NULL | AG61: NULL | AH61: NULL | AI61: NULL | AJ61: NULL | AK61: NULL | AL61: NULL | AM61: NULL | AN61: NULL | AO61: NULL | AP61: NULL | AQ61: NULL | AR61: NULL | AS61: NULL | AT61: NULL | AU61: NULL | AV61: NULL | AW61: NULL | AX61: =IF(COUNTIF('ACTION Element Code Table'!$A:$A,G61&"_"&H61&"_"&I61&"_"&J61)=1,VLOOKUP(G61&"_"&H61&"_"&I61&"_"&J61,'ACTION Element Code Table'!$A:$C,3,FALSE),IF(G61&"_"&H61&"_"&I61&"_"&J61="NULL_NULL_NULL_NULL","NULL","Not exist in ACTION Element Code Table")) -> ROLLER SHUTTER | AY61: =IF(COUNTIF('ACTION Element Code Table'!$A:$A,N61&"_"&O61&"_"&P61&"_"&Q61)=1,VLOOKUP(N61&"_"&O61&"_"&P61&"_"&Q61,'ACTION Element Code Table'!$A:$C,3,FALSE),IF(N61&"_"&O61&"_"&P61&"_"&Q61="NULL_NULL_NULL_NULL","NULL","Not exist in ACTION Element Code Table")) -> NULL | AZ61: =IF(COUNTIF('ACTION Element Code Table'!$A:$A,U61&"_"&V61&"_"&W61&"_"&X61)=1,VLOOKUP(U61&"_"&V61&"_"&W61&"_"&X61,'ACTION Element Code Table'!$A:$C,3,FALSE),IF(U61&"_"&V61&"_"&W61&"_"&X61="NULL_NULL_NULL_NULL","NULL","Not exist in ACTION Element Code Table")) -> NULL | BA61: =IF(COUNTIF('ACTION Element Code Table'!$A:$A,AB61&"_"&AC61&"_"&AD61&"_"&AE61)=1,VLOOKUP(AB61&"_"&AC61&"_"&AD61&"_"&AE61,'ACTION Element Code Table'!$A:$C,3,FALSE),IF(AB61&"_"&AC61&"_"&AD61&"_"&AE61="NULL_NULL_NULL_NULL","NULL","Not exist in ACTION Element Code Table")) -> NULL | BB61: =IF(COUNTIF('ACTION Element Code Table'!$A:$A,AI61&"_"&AJ61&"_"&AK61&"_"&AL61)=1,VLOOKUP(AI61&"_"&AJ61&"_"&AK61&"_"&AL61,'ACTION Element Code Table'!$A:$C,3,FALSE),IF(AI61&"_"&AJ61&"_"&AK61&"_"&AL61="NULL_NULL_NULL_NULL","NULL","Not exist in ACTION Element Code Table")) -> NULL | BC61: =D61&E61&G61&H61&I61&J61&F61 -> FFROLLNULLNULL | BD61: =D61&E61&N61&O61&P61&Q61&F61 -> NULLNULLNULLNULL | BE61: =D61&E61&U61&V61&W61&X61&F61 -> NULLNULLNULLNULL | BF61: =D61&E61&AB61&AC61&AD61&AE61&F61 -> NULLNULLNULLNULL | BG61: =D61&E61&AI61&AJ61&AK61&AL61&F61 -> NULLNULLNULLNULL | BH61: =IF(COUNTIF($BB:$BF,BC61)>1,"Duplicated","") | BI61: =IF(COUNTIF($BB:$BF,BD61)>1,"Duplicated","") -> Duplicated | BJ61: =IF(COUNTIF($BB:$BF,BE61)>1,"Duplicated","") -> Duplicated | BK61: =IF(COUNTIF($BB:$BF,BF61)>1,"Duplicated","") -> Duplicated | BL61: =IF(COUNTIF($BB:$BF,BG61)>1,"Duplicated","") -> Duplicated | BM61: Roller Shutter | BN61: Shutter
G62: STR | H62: RF | I62: NULL | J62: NULL | K62: NULL | L62: NULL | M62: NULL | N62: NULL | O62: NULL | P62: NULL | Q62: NULL | R62: NULL | S62: NULL | T62: NULL | U62: NULL | V62: NULL | W62: NULL | X62: NULL | Y62: NULL | Z62: NULL | AA62: NULL | AB62: NULL | AC62: NULL | AD62: NULL | AE62: NULL | AF62: NULL | AG62: NULL | AH62: NULL | AI62: NULL | AJ62: NULL | AK62: NULL | AL62: NULL | AM62: NULL | AN62: NULL | AO62: NULL | AP62: NULL | AQ62: NULL | AR62: NULL | AS62: NULL | AT62: NULL | AU62: NULL | AV62: NULL | AW62: NULL | AX62: =IF(COUNTIF('ACTION Element Code Table'!$A:$A,G62&"_"&H62&"_"&I62&"_"&J62)=1,VLOOKUP(G62&"_"&H62&"_"&I62&"_"&J62,'ACTION Element Code Table'!$A:$C,3,FALSE),IF(G62&"_"&H62&"_"&I62&"_"&J62="NULL_NULL_NULL_NULL","NULL","Not exist in ACTION Element Code Table")) -> ROOF | AY62: =IF(COUNTIF('ACTION Element Code Table'!$A:$A,N62&"_"&O62&"_"&P62&"_"&Q62)=1,VLOOKUP(N62&"_"&O62&"_"&P62&"_"&Q62,'ACTION Element Code Table'!$A:$C,3,FALSE),IF(N62&"_"&O62&"_"&P62&"_"&Q62="NULL_NULL_NULL_NULL","NULL","Not exist in ACTION Element Code Table")) -> NULL | AZ62: =IF(COUNTIF('ACTION Element Code Table'!$A:$A,U62&"_"&V62&"_"&W62&"_"&X62)=1,VLOOKUP(U62&"_"&V62&"_"&W62&"_"&X62,'ACTION Element Code Table'!$A:$C,3,FALSE),IF(U62&"_"&V62&"_"&W62&"_"&X62="NULL_NULL_NULL_NULL","NULL","Not exist in ACTION Element Code Table")) -> NULL | BA62: =IF(COUNTIF('ACTION Element Code Table'!$A:$A,AB62&"_"&AC62&"_"&AD62&"_"&AE62)=1,VLOOKUP(AB62&"_"&AC62&"_"&AD62&"_"&AE62,'ACTION Element Code Table'!$A:$C,3,FALSE),IF(AB62&"_"&AC62&"_"&AD62&"_"&AE62="NULL_NULL_NULL_NULL","NULL","Not exist in ACTION Element Code Table")) -> NULL | BB62: =IF(COUNTIF('ACTION Element Code Table'!$A:$A,AI62&"_"&AJ62&"_"&AK62&"_"&AL62)=1,VLOOKUP(AI62&"_"&AJ62&"_"&AK62&"_"&AL62,'ACTION Element Code Table'!$A:$C,3,FALSE),IF(AI62&"_"&AJ62&"_"&AK62&"_"&AL62="NULL_NULL_NULL_NULL","NULL","Not exist in ACTION Element Code Table")) -> NULL | BC62: =D62&E62&G62&H62&I62&J62&F62 -> STRRFNULLNULL | BD62: =D62&E62&N62&O62&P62&Q62&F62 -> NULLNULLNULLNULL | BE62: =D62&E62&U62&V62&W62&X62&F62 -> NULLNULLNULLNULL | BF62: =D62&E62&AB62&AC62&AD62&AE62&F62 -> NULLNULLNULLNULL | BG62: =D62&E62&AI62&AJ62&AK62&AL62&F62 -> NULLNULLNULLNULL | BH62: =IF(COUNTIF($BB:$BF,BC62)>1,"Duplicated","") | BI62: =IF(COUNTIF($BB:$BF,BD62)>1,"Duplicated","") -> Duplicated | BJ62: =IF(COUNTIF($BB:$BF,BE62)>1,"Duplicated","") -> Duplicated | BK62: =IF(COUNTIF($BB:$BF,BF62)>1,"Duplicated","") -> Duplicated | BL62: =IF(COUNTIF($BB:$BF,BG62)>1,"Duplicated","") -> Duplicated | BM62: Roof | BN62: Roof
G63: STR | H63: RF | I63: RAIL | J63: NULL | K63: NULL | L63: NULL | M63: NULL | N63: NULL | O63: NULL | P63: NULL | Q63: NULL | R63: NULL | S63: NULL | T63: NULL | U63: NULL | V63: NULL | W63: NULL | X63: NULL | Y63: NULL | Z63: NULL | AA63: NULL | AB63: NULL | AC63: NULL | AD63: NULL | AE63: NULL | AF63: NULL | AG63: NULL | AH63: NULL | AI63: NULL | AJ63: NULL | AK63: NULL | AL63: NULL | AM63: NULL | AN63: NULL | AO63: NULL | AP63: NULL | AQ63: NULL | AR63: NULL | AS63: NULL | AT63: NULL | AU63: NULL | AV63: NULL | AW63: NULL | AX63: =IF(COUNTIF('ACTION Element Code Table'!$A:$A,G63&"_"&H63&"_"&I63&"_"&J63)=1,VLOOKUP(G63&"_"&H63&"_"&I63&"_"&J63,'ACTION Element Code Table'!$A:$C,3,FALSE),IF(G63&"_"&H63&"_"&I63&"_"&J63="NULL_NULL_NULL_NULL","NULL","Not exist in ACTION Element Code Table")) -> ROOF RAILING | AY63: =IF(COUNTIF('ACTION Element Code Table'!$A:$A,N63&"_"&O63&"_"&P63&"_"&Q63)=1,VLOOKUP(N63&"_"&O63&"_"&P63&"_"&Q63,'ACTION Element Code Table'!$A:$C,3,FALSE),IF(N63&"_"&O63&"_"&P63&"_"&Q63="NULL_NULL_NULL_NULL","NULL","Not exist in ACTION Element Code Table")) -> NULL | AZ63: =IF(COUNTIF('ACTION Element Code Table'!$A:$A,U63&"_"&V63&"_"&W63&"_"&X63)=1,VLOOKUP(U63&"_"&V63&"_"&W63&"_"&X63,'ACTION Element Code Table'!$A:$C,3,FALSE),IF(U63&"_"&V63&"_"&W63&"_"&X63="NULL_NULL_NULL_NULL","NULL","Not exist in ACTION Element Code Table")) -> NULL | BA63: =IF(COUNTIF('ACTION Element Code Table'!$A:$A,AB63&"_"&AC63&"_"&AD63&"_"&AE63)=1,VLOOKUP(AB63&"_"&AC63&"_"&AD63&"_"&AE63,'ACTION Element Code Table'!$A:$C,3,FALSE),IF(AB63&"_"&AC63&"_"&AD63&"_"&AE63="NULL_NULL_NULL_NULL","NULL","Not exist in ACTION Element Code Table")) -> NULL | BB63: =IF(COUNTIF('ACTION Element Code Table'!$A:$A,AI63&"_"&AJ63&"_"&AK63&"_"&AL63)=1,VLOOKUP(AI63&"_"&AJ63&"_"&AK63&"_"&AL63,'ACTION Element Code Table'!$A:$C,3,FALSE),IF(AI63&"_"&AJ63&"_"&AK63&"_"&AL63="NULL_NULL_NULL_NULL","NULL","Not exist in ACTION Element Code Table")) -> NULL | BC63: =D63&E63&G63&H63&I63&J63&F63 -> STRRFRAILNULL | BD63: =D63&E63&N63&O63&P63&Q63&F63 -> NULLNULLNULLNULL | BE63: =D63&E63&U63&V63&W63&X63&F63 -> NULLNULLNULLNULL | BF63: =D63&E63&AB63&AC63&AD63&AE63&F63 -> NULLNULLNULLNULL | BG63: =D63&E63&AI63&AJ63&AK63&AL63&F63 -> NULLNULLNULLNULL | BH63: =IF(COUNTIF($BB:$BF,BC63)>1,"Duplicated","") | BM63: Roof Railing | BN63: Railing
G64: SANI | H64: SHO | I64: HD | J64: NULL | K64: NULL | L64: NULL | M64: NULL | N64: NULL | O64: NULL | P64: NULL | Q64: NULL | R64: NULL | S64: NULL | T64: NULL | U64: NULL | V64: NULL | W64: NULL | X64: NULL | Y64: NULL | Z64: NULL | AA64: NULL | AB64: NULL | AC64: NULL | AD64: NULL | AE64: NULL | AF64: NULL | AG64: NULL | AH64: NULL | AI64: NULL | AJ64: NULL | AK64: NULL | AL64: NULL | AM64: NULL | AN64: NULL | AO64: NULL | AP64: NULL | AQ64: NULL | AR64: NULL | AS64: NULL | AT64: NULL | AU64: NULL | AV64: NULL | AW64: NULL | AX64: =IF(COUNTIF('ACTION Element Code Table'!$A:$A,G64&"_"&H64&"_"&I64&"_"&J64)=1,VLOOKUP(G64&"_"&H64&"_"&I64&"_"&J64,'ACTION Element Code Table'!$A:$C,3,FALSE),IF(G64&"_"&H64&"_"&I64&"_"&J64="NULL_NULL_NULL_NULL","NULL","Not exist in ACTION Element Code Table")) -> SHOWER HEAD | AY64: =IF(COUNTIF('ACTION Element Code Table'!$A:$A,N64&"_"&O64&"_"&P64&"_"&Q64)=1,VLOOKUP(N64&"_"&O64&"_"&P64&"_"&Q64,'ACTION Element Code Table'!$A:$C,3,FALSE),IF(N64&"_"&O64&"_"&P64&"_"&Q64="NULL_NULL_NULL_NULL","NULL","Not exist in ACTION Element Code Table")) -> NULL | AZ64: =IF(COUNTIF('ACTION Element Code Table'!$A:$A,U64&"_"&V64&"_"&W64&"_"&X64)=1,VLOOKUP(U64&"_"&V64&"_"&W64&"_"&X64,'ACTION Element Code Table'!$A:$C,3,FALSE),IF(U64&"_"&V64&"_"&W64&"_"&X64="NULL_NULL_NULL_NULL","NULL","Not exist in ACTION Element Code Table")) -> NULL | BA64: =IF(COUNTIF('ACTION Element Code Table'!$A:$A,AB64&"_"&AC64&"_"&AD64&"_"&AE64)=1,VLOOKUP(AB64&"_"&AC64&"_"&AD64&"_"&AE64,'ACTION Element Code Table'!$A:$C,3,FALSE),IF(AB64&"_"&AC64&"_"&AD64&"_"&AE64="NULL_NULL_NULL_NULL","NULL","Not exist in ACTION Element Code Table")) -> NULL | BB64: =IF(COUNTIF('ACTION Element Code Table'!$A:$A,AI64&"_"&AJ64&"_"&AK64&"_"&AL64)=1,VLOOKUP(AI64&"_"&AJ64&"_"&AK64&"_"&AL64,'ACTION Element Code Table'!$A:$C,3,FALSE),IF(AI64&"_"&AJ64&"_"&AK64&"_"&AL64="NULL_NULL_NULL_NULL","NULL","Not exist in ACTION Element Code Table")) -> NULL | BC64: =D64&E64&G64&H64&I64&J64&F64 -> SANISHOHDNULL | BD64: =D64&E64&N64&O64&P64&Q64&F64 -> NULLNULLNULLNULL | BE64: =D64&E64&U64&V64&W64&X64&F64 -> NULLNULLNULLNULL | BF64: =D64&E64&AB64&AC64&AD64&AE64&F64 -> NULLNULLNULLNULL | BG64: =D64&E64&AI64&AJ64&AK64&AL64&F64 -> NULLNULLNULLNULL | BH64: =IF(COUNTIF($BB:$BF,BC64)>1,"Duplicated","") | BM64: Shower Head | BN64: Shower
G65: SANI | H65: SHO | I65: T | J65: NULL | K65: NULL | L65: NULL | M65: NULL | N65: NULL | O65: NULL | P65: NULL | Q65: NULL | R65: NULL | S65: NULL | T65: NULL | U65: NULL | V65: NULL | W65: NULL | X65: NULL | Y65: NULL | Z65: NULL | AA65: NULL | AB65: NULL | AC65: NULL | AD65: NULL | AE65: NULL | AF65: NULL | AG65: NULL | AH65: NULL | AI65: NULL | AJ65: NULL | AK65: NULL | AL65: NULL | AM65: NULL | AN65: NULL | AO65: NULL | AP65: NULL | AQ65: NULL | AR65: NULL | AS65: NULL | AT65: NULL | AU65: NULL | AV65: NULL | AW65: NULL | AX65: =IF(COUNTIF('ACTION Element Code Table'!$A:$A,G65&"_"&H65&"_"&I65&"_"&J65)=1,VLOOKUP(G65&"_"&H65&"_"&I65&"_"&J65,'ACTION Element Code Table'!$A:$C,3,FALSE),IF(G65&"_"&H65&"_"&I65&"_"&J65="NULL_NULL_NULL_NULL","NULL","Not exist in ACTION Element Code Table")) -> SHOWER TAPS | AY65: =IF(COUNTIF('ACTION Element Code Table'!$A:$A,N65&"_"&O65&"_"&P65&"_"&Q65)=1,VLOOKUP(N65&"_"&O65&"_"&P65&"_"&Q65,'ACTION Element Code Table'!$A:$C,3,FALSE),IF(N65&"_"&O65&"_"&P65&"_"&Q65="NULL_NULL_NULL_NULL","NULL","Not exist in ACTION Element Code Table")) -> NULL | AZ65: =IF(COUNTIF('ACTION Element Code Table'!$A:$A,U65&"_"&V65&"_"&W65&"_"&X65)=1,VLOOKUP(U65&"_"&V65&"_"&W65&"_"&X65,'ACTION Element Code Table'!$A:$C,3,FALSE),IF(U65&"_"&V65&"_"&W65&"_"&X65="NULL_NULL_NULL_NULL","NULL","Not exist in ACTION Element Code Table")) -> NULL | BA65: =IF(COUNTIF('ACTION Element Code Table'!$A:$A,AB65&"_"&AC65&"_"&AD65&"_"&AE65)=1,VLOOKUP(AB65&"_"&AC65&"_"&AD65&"_"&AE65,'ACTION Element Code Table'!$A:$C,3,FALSE),IF(AB65&"_"&AC65&"_"&AD65&"_"&AE65="NULL_NULL_NULL_NULL","NULL","Not exist in ACTION Element Code Table")) -> NULL | BB65: =IF(COUNTIF('ACTION Element Code Table'!$A:$A,AI65&"_"&AJ65&"_"&AK65&"_"&AL65)=1,VLOOKUP(AI65&"_"&AJ65&"_"&AK65&"_"&AL65,'ACTION Element Code Table'!$A:$C,3,FALSE),IF(AI65&"_"&AJ65&"_"&AK65&"_"&AL65="NULL_NULL_NULL_NULL","NULL","Not exist in ACTION Element Code Table")) -> NULL | BC65: =D65&E65&G65&H65&I65&J65&F65 -> SANISHOTNULL | BD65: =D65&E65&N65&O65&P65&Q65&F65 -> NULLNULLNULLNULL | BE65: =D65&E65&U65&V65&W65&X65&F65 -> NULLNULLNULLNULL | BF65: =D65&E65&AB65&AC65&AD65&AE65&F65 -> NULLNULLNULLNULL | BG65: =D65&E65&AI65&AJ65&AK65&AL65&F65 -> NULLNULLNULLNULL | BH65: =IF(COUNTIF($BB:$BF,BC65)>1,"Duplicated","") -> Duplicated | BI65: =IF(COUNTIF($BB:$BF,BD65)>1,"Duplicated","") -> Duplicated | BJ65: =IF(COUNTIF($BB:$BF,BE65)>1,"Duplicated","") -> Duplicated | BK65: =IF(COUNTIF($BB:$BF,BF65)>1,"Duplicated","") -> Duplicated | BL65: =IF(COUNTIF($BB:$BF,BG65)>1,"Duplicated","") -> Duplicated | BM65: Shower Tap | BN65: Shower
G66: SANI | H66: SHO | I66: FIX | J66: NULL | K66: NULL | L66: NULL | M66: NULL | N66: NULL | O66: NULL | P66: NULL | Q66: NULL | R66: NULL | S66: NULL | T66: NULL | U66: NULL | V66: NULL | W66: NULL | X66: NULL | Y66: NULL | Z66: NULL | AA66: NULL | AB66: NULL | AC66: NULL | AD66: NULL | AE66: NULL | AF66: NULL | AG66: NULL | AH66: NULL | AI66: NULL | AJ66: NULL | AK66: NULL | AL66: NULL | AM66: NULL | AN66: NULL | AO66: NULL | AP66: NULL | AQ66: NULL | AR66: NULL | AS66: NULL | AT66: NULL | AU66: NULL | AV66: NULL | AW66: NULL | AX66: =IF(COUNTIF('ACTION Element Code Table'!$A:$A,G66&"_"&H66&"_"&I66&"_"&J66)=1,VLOOKUP(G66&"_"&H66&"_"&I66&"_"&J66,'ACTION Element Code Table'!$A:$C,3,FALSE),IF(G66&"_"&H66&"_"&I66&"_"&J66="NULL_NULL_NULL_NULL","NULL","Not exist in ACTION Element Code Table")) -> SHOWER TRAY | AY66: =IF(COUNTIF('ACTION Element Code Table'!$A:$A,N66&"_"&O66&"_"&P66&"_"&Q66)=1,VLOOKUP(N66&"_"&O66&"_"&P66&"_"&Q66,'ACTION Element Code Table'!$A:$C,3,FALSE),IF(N66&"_"&O66&"_"&P66&"_"&Q66="NULL_NULL_NULL_NULL","NULL","Not exist in ACTION Element Code Table")) -> NULL | AZ66: =IF(COUNTIF('ACTION Element Code Table'!$A:$A,U66&"_"&V66&"_"&W66&"_"&X66)=1,VLOOKUP(U66&"_"&V66&"_"&W66&"_"&X66,'ACTION Element Code Table'!$A:$C,3,FALSE),IF(U66&"_"&V66&"_"&W66&"_"&X66="NULL_NULL_NULL_NULL","NULL","Not exist in ACTION Element Code Table")) -> NULL | BA66: =IF(COUNTIF('ACTION Element Code Table'!$A:$A,AB66&"_"&AC66&"_"&AD66&"_"&AE66)=1,VLOOKUP(AB66&"_"&AC66&"_"&AD66&"_"&AE66,'ACTION Element Code Table'!$A:$C,3,FALSE),IF(AB66&"_"&AC66&"_"&AD66&"_"&AE66="NULL_NULL_NULL_NULL","NULL","Not exist in ACTION Element Code Table")) -> NULL | BB66: =IF(COUNTIF('ACTION Element Code Table'!$A:$A,AI66&"_"&AJ66&"_"&AK66&"_"&AL66)=1,VLOOKUP(AI66&"_"&AJ66&"_"&AK66&"_"&AL66,'ACTION Element Code Table'!$A:$C,3,FALSE),IF(AI66&"_"&AJ66&"_"&AK66&"_"&AL66="NULL_NULL_NULL_NULL","NULL","Not exist in ACTION Element Code Table")) -> NULL | BC66: =D66&E66&G66&H66&I66&J66&F66 -> SANISHOFIXNULL | BD66: =D66&E66&N66&O66&P66&Q66&F66 -> NULLNULLNULLNULL | BE66: =D66&E66&U66&V66&W66&X66&F66 -> NULLNULLNULLNULL | BF66: =D66&E66&AB66&AC66&AD66&AE66&F66 -> NULLNULLNULLNULL | BG66: =D66&E66&AI66&AJ66&AK66&AL66&F66 -> NULLNULLNULLNULL | BH66: =IF(COUNTIF($BB:$BF,BC66)>1,"Duplicated","") | BI66: =IF(COUNTIF($BB:$BF,BD66)>1,"Duplicated","") -> Duplicated | BJ66: =IF(COUNTIF($BB:$BF,BE66)>1,"Duplicated","") -> Duplicated | BK66: =IF(COUNTIF($BB:$BF,BF66)>1,"Duplicated","") -> Duplicated | BL66: =IF(COUNTIF($BB:$BF,BG66)>1,"Duplicated","") -> Duplicated | BM66: Shower Tray | BN66: Shower
G67: SANI | H67: SANI | I67: OTH | J67: NULL | K67: NULL | L67: NULL | M67: FD Cover | N67: NULL | O67: NULL | P67: NULL | Q67: NULL | R67: NULL | S67: NULL | T67: NULL | U67: NULL | V67: NULL | W67: NULL | X67: NULL | Y67: NULL | Z67: NULL | AA67: NULL | AB67: NULL | AC67: NULL | AD67: NULL | AE67: NULL | AF67: NULL | AG67: NULL | AH67: NULL | AI67: NULL | AJ67: NULL | AK67: NULL | AL67: NULL | AM67: NULL | AN67: NULL | AO67: NULL | AP67: NULL | AQ67: NULL | AR67: NULL | AS67: NULL | AT67: NULL | AU67: NULL | AV67: NULL | AW67: NULL | AX67: =IF(COUNTIF('ACTION Element Code Table'!$A:$A,G67&"_"&H67&"_"&I67&"_"&J67)=1,VLOOKUP(G67&"_"&H67&"_"&I67&"_"&J67,'ACTION Element Code Table'!$A:$C,3,FALSE),IF(G67&"_"&H67&"_"&I67&"_"&J67="NULL_NULL_NULL_NULL","NULL","Not exist in ACTION Element Code Table")) -> SANITARY FITTINGS (SEE REAMRKS) | AY67: =IF(COUNTIF('ACTION Element Code Table'!$A:$A,N67&"_"&O67&"_"&P67&"_"&Q67)=1,VLOOKUP(N67&"_"&O67&"_"&P67&"_"&Q67,'ACTION Element Code Table'!$A:$C,3,FALSE),IF(N67&"_"&O67&"_"&P67&"_"&Q67="NULL_NULL_NULL_NULL","NULL","Not exist in ACTION Element Code Table")) -> NULL | AZ67: =IF(COUNTIF('ACTION Element Code Table'!$A:$A,U67&"_"&V67&"_"&W67&"_"&X67)=1,VLOOKUP(U67&"_"&V67&"_"&W67&"_"&X67,'ACTION Element Code Table'!$A:$C,3,FALSE),IF(U67&"_"&V67&"_"&W67&"_"&X67="NULL_NULL_NULL_NULL","NULL","Not exist in ACTION Element Code Table")) -> NULL | BA67: =IF(COUNTIF('ACTION Element Code Table'!$A:$A,AB67&"_"&AC67&"_"&AD67&"_"&AE67)=1,VLOOKUP(AB67&"_"&AC67&"_"&AD67&"_"&AE67,'ACTION Element Code Table'!$A:$C,3,FALSE),IF(AB67&"_"&AC67&"_"&AD67&"_"&AE67="NULL_NULL_NULL_NULL","NULL","Not exist in ACTION Element Code Table")) -> NULL | BB67: =IF(COUNTIF('ACTION Element Code Table'!$A:$A,AI67&"_"&AJ67&"_"&AK67&"_"&AL67)=1,VLOOKUP(AI67&"_"&AJ67&"_"&AK67&"_"&AL67,'ACTION Element Code Table'!$A:$C,3,FALSE),IF(AI67&"_"&AJ67&"_"&AK67&"_"&AL67="NULL_NULL_NULL_NULL","NULL","Not exist in ACTION Element Code Table")) -> NULL | BC67: =D67&E67&G67&H67&I67&J67&F67 -> SANISANIOTHNULL | BD67: =D67&E67&N67&O67&P67&Q67&F67 -> NULLNULLNULLNULL | BE67: =D67&E67&U67&V67&W67&X67&F67 -> NULLNULLNULLNULL | BF67: =D67&E67&AB67&AC67&AD67&AE67&F67 -> NULLNULLNULLNULL | BG67: =D67&E67&AI67&AJ67&AK67&AL67&F67 -> NULLNULLNULLNULL | BH67: =IF(COUNTIF($BB:$BF,BC67)>1,"Duplicated","") | BI67: =IF(COUNTIF($BB:$BF,BD67)>1,"Duplicated","") -> Duplicated | BJ67: =IF(COUNTIF($BB:$BF,BE67)>1,"Duplicated","") -> Duplicated | BK67: =IF(COUNTIF($BB:$BF,BF67)>1,"Duplicated","") -> Duplicated | BL67: =IF(COUNTIF($BB:$BF,BG67)>1,"Duplicated","") -> Duplicated | BM67: FD Cover
G68: FF | H68: SIG | I68: STRU | J68: NULL | K68: NULL | L68: NULL | M68: NULL | N68: NULL | O68: NULL | P68: NULL | Q68: NULL | R68: NULL | S68: NULL | T68: NULL | U68: NULL | V68: NULL | W68: NULL | X68: NULL | Y68: NULL | Z68: NULL | AA68: NULL | AB68: NULL | AC68: NULL | AD68: NULL | AE68: NULL | AF68: NULL | AG68: NULL | AH68: NULL | AI68: NULL | AJ68: NULL | AK68: NULL | AL68: NULL | AM68: NULL | AN68: NULL | AO68: NULL | AP68: NULL | AQ68: NULL | AR68: NULL | AS68: NULL | AT68: NULL | AU68: NULL | AV68: NULL | AW68: NULL | AX68: =IF(COUNTIF('ACTION Element Code Table'!$A:$A,G68&"_"&H68&"_"&I68&"_"&J68)=1,VLOOKUP(G68&"_"&H68&"_"&I68&"_"&J68,'ACTION Element Code Table'!$A:$C,3,FALSE),IF(G68&"_"&H68&"_"&I68&"_"&J68="NULL_NULL_NULL_NULL","NULL","Not exist in ACTION Element Code Table")) -> STRUCTURE OF SIGNAGE | AY68: =IF(COUNTIF('ACTION Element Code Table'!$A:$A,N68&"_"&O68&"_"&P68&"_"&Q68)=1,VLOOKUP(N68&"_"&O68&"_"&P68&"_"&Q68,'ACTION Element Code Table'!$A:$C,3,FALSE),IF(N68&"_"&O68&"_"&P68&"_"&Q68="NULL_NULL_NULL_NULL","NULL","Not exist in ACTION Element Code Table")) -> NULL | AZ68: =IF(COUNTIF('ACTION Element Code Table'!$A:$A,U68&"_"&V68&"_"&W68&"_"&X68)=1,VLOOKUP(U68&"_"&V68&"_"&W68&"_"&X68,'ACTION Element Code Table'!$A:$C,3,FALSE),IF(U68&"_"&V68&"_"&W68&"_"&X68="NULL_NULL_NULL_NULL","NULL","Not exist in ACTION Element Code Table")) -> NULL | BA68: =IF(COUNTIF('ACTION Element Code Table'!$A:$A,AB68&"_"&AC68&"_"&AD68&"_"&AE68)=1,VLOOKUP(AB68&"_"&AC68&"_"&AD68&"_"&AE68,'ACTION Element Code Table'!$A:$C,3,FALSE),IF(AB68&"_"&AC68&"_"&AD68&"_"&AE68="NULL_NULL_NULL_NULL","NULL","Not exist in ACTION Element Code Table")) -> NULL | BB68: =IF(COUNTIF('ACTION Element Code Table'!$A:$A,AI68&"_"&AJ68&"_"&AK68&"_"&AL68)=1,VLOOKUP(AI68&"_"&AJ68&"_"&AK68&"_"&AL68,'ACTION Element Code Table'!$A:$C,3,FALSE),IF(AI68&"_"&AJ68&"_"&AK68&"_"&AL68="NULL_NULL_NULL_NULL","NULL","Not exist in ACTION Element Code Table")) -> NULL | BC68: =D68&E68&G68&H68&I68&J68&F68 -> FFSIGSTRUNULL | BD68: =D68&E68&N68&O68&P68&Q68&F68 -> NULLNULLNULLNULL | BE68: =D68&E68&U68&V68&W68&X68&F68 -> NULLNULLNULLNULL | BF68: =D68&E68&AB68&AC68&AD68&AE68&F68 -> NULLNULLNULLNULL | BG68: =D68&E68&AI68&AJ68&AK68&AL68&F68 -> NULLNULLNULLNULL | BH68: =IF(COUNTIF($BB:$BF,BC68)>1,"Duplicated","") -> Duplicated | BI68: =IF(COUNTIF($BB:$BF,BD68)>1,"Duplicated","") -> Duplicated | BJ68: =IF(COUNTIF($BB:$BF,BE68)>1,"Duplicated","") -> Duplicated | BK68: =IF(COUNTIF($BB:$BF,BF68)>1,"Duplicated","") -> Duplicated | BL68: =IF(COUNTIF($BB:$BF,BG68)>1,"Duplicated","") -> Duplicated | BM68: Signage | BN68: Signage
G69: SANI | H69: SIN | I69: NULL | J69: NULL | K69: NULL | L69: NULL | M69: NULL | N69: NULL | O69: NULL | P69: NULL | Q69: NULL | R69: NULL | S69: NULL | T69: NULL | U69: NULL | V69: NULL | W69: NULL | X69: NULL | Y69: NULL | Z69: NULL | AA69: NULL | AB69: NULL | AC69: NULL | AD69: NULL | AE69: NULL | AF69: NULL | AG69: NULL | AH69: NULL | AI69: NULL | AJ69: NULL | AK69: NULL | AL69: NULL | AM69: NULL | AN69: NULL | AO69: NULL | AP69: NULL | AQ69: NULL | AR69: NULL | AS69: NULL | AT69: NULL | AU69: NULL | AV69: NULL | AW69: NULL | AX69: =IF(COUNTIF('ACTION Element Code Table'!$A:$A,G69&"_"&H69&"_"&I69&"_"&J69)=1,VLOOKUP(G69&"_"&H69&"_"&I69&"_"&J69,'ACTION Element Code Table'!$A:$C,3,FALSE),IF(G69&"_"&H69&"_"&I69&"_"&J69="NULL_NULL_NULL_NULL","NULL","Not exist in ACTION Element Code Table")) -> SINK | AY69: =IF(COUNTIF('ACTION Element Code Table'!$A:$A,N69&"_"&O69&"_"&P69&"_"&Q69)=1,VLOOKUP(N69&"_"&O69&"_"&P69&"_"&Q69,'ACTION Element Code Table'!$A:$C,3,FALSE),IF(N69&"_"&O69&"_"&P69&"_"&Q69="NULL_NULL_NULL_NULL","NULL","Not exist in ACTION Element Code Table")) -> NULL | AZ69: =IF(COUNTIF('ACTION Element Code Table'!$A:$A,U69&"_"&V69&"_"&W69&"_"&X69)=1,VLOOKUP(U69&"_"&V69&"_"&W69&"_"&X69,'ACTION Element Code Table'!$A:$C,3,FALSE),IF(U69&"_"&V69&"_"&W69&"_"&X69="NULL_NULL_NULL_NULL","NULL","Not exist in ACTION Element Code Table")) -> NULL | BA69: =IF(COUNTIF('ACTION Element Code Table'!$A:$A,AB69&"_"&AC69&"_"&AD69&"_"&AE69)=1,VLOOKUP(AB69&"_"&AC69&"_"&AD69&"_"&AE69,'ACTION Element Code Table'!$A:$C,3,FALSE),IF(AB69&"_"&AC69&"_"&AD69&"_"&AE69="NULL_NULL_NULL_NULL","NULL","Not exist in ACTION Element Code Table")) -> NULL | BB69: =IF(COUNTIF('ACTION Element Code Table'!$A:$A,AI69&"_"&AJ69&"_"&AK69&"_"&AL69)=1,VLOOKUP(AI69&"_"&AJ69&"_"&AK69&"_"&AL69,'ACTION Element Code Table'!$A:$C,3,FALSE),IF(AI69&"_"&AJ69&"_"&AK69&"_"&AL69="NULL_NULL_NULL_NULL","NULL","Not exist in ACTION Element Code Table")) -> NULL | BC69: =D69&E69&G69&H69&I69&J69&F69 -> SANISINNULLNULL | BD69: =D69&E69&N69&O69&P69&Q69&F69 -> NULLNULLNULLNULL | BE69: =D69&E69&U69&V69&W69&X69&F69 -> NULLNULLNULLNULL | BF69: =D69&E69&AB69&AC69&AD69&AE69&F69 -> NULLNULLNULLNULL | BG69: =D69&E69&AI69&AJ69&AK69&AL69&F69 -> NULLNULLNULLNULL | BH69: =IF(COUNTIF($BB:$BF,BC69)>1,"Duplicated","") | BI69: =IF(COUNTIF($BB:$BF,BD69)>1,"Duplicated","") -> Duplicated | BJ69: =IF(COUNTIF($BB:$BF,BE69)>1,"Duplicated","") -> Duplicated | BK69: =IF(COUNTIF($BB:$BF,BF69)>1,"Duplicated","") -> Duplicated | BL69: =IF(COUNTIF($BB:$BF,BG69)>1,"Duplicated","") -> Duplicated | BM69: Sink | BN69: Toilet Fixture
